30/03/2009	8.25	8.25	7.91	7.91	7.91
31/03/2009	8.02	8.25	7.955	8.17	8.17
01/04/2009	8.12	8.435	8.055	8.335	8.335
02/04/2009	8.505	8.88	8.455	8.79	8.79
03/04/2009	8.83	9.19	8.76	9.06	9.06
06/04/2009	9.15	9.3	9	9.05	9.05
07/04/2009	9.115	9.2	8.925	8.955	8.955
08/04/2009	8.905	9.31	8.83	9.195	9.195
09/04/2009	9.28	9.46	9.18	9.415	9.415
14/04/2009	9.55	9.73	9.515	9.63	9.63
15/04/2009	9.6	9.61	9.48	9.595	9.595
16/04/2009	9.7	9.825	9.5	9.765	9.765
17/04/2009	9.89	9.89	9.67	9.78	9.78
20/04/2009	9.86	9.87	9.255	9.375	9.375
21/04/2009	9.43	9.58	9.21	9.49	9.49
22/04/2009	9.55	9.625	9.335	9.625	9.625
23/04/2009	9.6	9.71	9.53	9.64	9.64
24/04/2009	9.68	9.69	9.355	9.62	9.62
27/04/2009	8.75	8.79	8.26	8.73	9.43
28/04/2009	8.67	8.855	8.525	8.755	9.457
29/04/2009	8.85	9.465	8.84	9.38	10.132
30/04/2009	9.38	9.84	9.33	9.665	10.44
04/05/2009	9.82	10.225	9.81	10.15	10.964
05/05/2009	10.17	10.65	10.04	10.275	11.099
06/05/2009	10.2	10.865	10.195	10.665	11.52
07/05/2009	10.71	10.935	10.14	10.24	11.061
08/05/2009	10.37	10.71	10.315	10.49	11.331
11/05/2009	10.575	10.575	9.98	10.105	10.915
12/05/2009	10.04	10.435	9.89	10.025	10.829
13/05/2009	10.11	10.11	9.43	9.53	10.294
14/05/2009	9.44	9.56	9.19	9.22	9.959
15/05/2009	9.345	9.38	9.11	9.22	9.959
18/05/2009	9.2	9.24	9.04	9.17	9.905
19/05/2009	9.27	9.69	9.22	9.51	10.273
20/05/2009	9.56	9.99	9.55	9.88	10.672
21/05/2009	9.8	9.85	9.51	9.6	10.37
22/05/2009	9.57	9.79	9.485	9.6	10.37
25/05/2009	9.76	9.76	9.51	9.66	10.435
26/05/2009	9.625	9.77	9.38	9.72	10.499
27/05/2009	9.79	9.885	9.72	9.865	10.656
28/05/2009	9.75	9.93	9.685	9.815	10.602
29/05/2009	9.9	10	9.765	9.765	10.548
01/06/2009	9.945	10.16	9.92	10.05	10.856
02/06/2009	10	10.44	9.91	10.23	11.05
03/06/2009	10.205	10.27	10.035	10.075	10.883
04/06/2009	10.04	10.135	9.815	9.915	10.71
05/06/2009	10.035	10.035	9.765	9.87	10.661
08/06/2009	9.805	9.86	9.66	9.74	10.521
09/06/2009	9.8	9.85	9.55	9.615	10.386
10/06/2009	9.645	9.74	9.5	9.56	10.327
11/06/2009	9.55	9.58	9.32	9.395	10.148
12/06/2009	9.35	9.44	9.225	9.245	9.986
15/06/2009	9.2	9.21	9.04	9.04	9.765
16/06/2009	9.085	9.215	9.04	9.06	9.786
17/06/2009	9.14	9.14	8.765	8.82	9.527
18/06/2009	8.86	8.94	8.755	8.85	9.56
19/06/2009	8.89	8.93	8.71	8.795	9.5
22/06/2009	8.7	8.76	8.465	8.555	9.241
23/06/2009	8.5	8.655	8.45	8.57	9.257
24/06/2009	8.665	8.73	8.545	8.635	9.327
25/06/2009	8.64	8.915	8.55	8.77	9.473
26/06/2009	8.86	8.94	8.615	8.69	9.387
29/06/2009	8.7	9.095	8.69	9.005	9.727
30/06/2009	9.07	9.12	8.78	8.93	9.646
01/07/2009	8.95	9.05	8.85	8.965	9.684
02/07/2009	8.92	8.94	8.715	8.715	9.414
03/07/2009	8.82	8.86	8.7	8.725	9.425
06/07/2009	8.73	9.03	8.615	8.92	9.635
07/07/2009	8.95	8.96	8.78	8.8	9.506
08/07/2009	8.77	8.895	8.755	8.775	9.479
09/07/2009	8.84	8.875	8.715	8.73	9.43
10/07/2009	8.7	8.78	8.535	8.585	9.273
13/07/2009	8.585	8.84	8.545	8.775	9.479
14/07/2009	8.78	8.93	8.7	8.85	9.56
15/07/2009	8.895	9.11	8.885	9.095	9.824
16/07/2009	9.135	9.32	9.125	9.255	9.997
17/07/2009	9.27	9.365	9.265	9.285	10.03
20/07/2009	9.36	9.41	9.305	9.38	10.132
21/07/2009	9.4	9.59	9.37	9.56	10.327
22/07/2009	9.525	9.59	9.445	9.505	10.267
23/07/2009	9.585	9.795	9.485	9.755	10.537
24/07/2009	9.7	9.725	9.555	9.63	10.402
27/07/2009	9.65	9.695	9.425	9.535	10.3
28/07/2009	9.55	9.675	9.4	9.43	10.186
29/07/2009	9.35	9.575	9.28	9.45	10.208
30/07/2009	9.45	9.64	9.315	9.6	10.37
31/07/2009	9.43	9.6	9.375	9.48	10.24
03/08/2009	9.45	9.53	9.42	9.5	10.262
04/08/2009	9.505	9.59	9.32	9.56	10.327
05/08/2009	9.505	10.43	9.505	10.195	11.012
06/08/2009	10.145	10.705	10.145	10.57	11.418
07/08/2009	10.625	10.73	10.325	10.695	11.553
10/08/2009	10.61	10.75	10.44	10.7	11.558
11/08/2009	10.635	10.69	10.335	10.375	11.207
12/08/2009	10.37	10.59	10.275	10.51	11.353
13/08/2009	10.515	10.88	10.44	10.725	11.585
14/08/2009	10.7	10.84	10.475	10.535	11.38
17/08/2009	10.47	10.52	10.235	10.43	11.266
18/08/2009	10.44	10.505	10.31	10.47	11.31
19/08/2009	10.355	10.61	10.33	10.55	11.396
20/08/2009	10.625	10.755	10.44	10.63	11.482
21/08/2009	10.555	11.07	10.55	11.04	11.925
24/08/2009	11.1	11.28	11.025	11.165	12.06
25/08/2009	11.075	11.3	11	11.3	12.206
26/08/2009	11.3	11.4	11.16	11.2	12.098
27/08/2009	11.19	11.315	11.05	11.135	12.028
28/08/2009	11.17	11.315	11.15	11.31	12.217
31/08/2009	11.245	11.275	11.155	11.2	12.098
01/09/2009	11.265	11.335	10.815	10.815	11.682
02/09/2009	10.8	10.8	10.46	10.64	11.493
03/09/2009	10.65	10.945	10.6	10.705	11.563
04/09/2009	10.7	10.895	10.59	10.735	11.596
07/09/2009	10.825	11.075	10.8	11.005	11.887
08/09/2009	11.05	11.56	11.025	11.365	12.276
09/09/2009	11.35	11.82	11.22	11.75	12.692
10/09/2009	11.85	12.04	11.665	11.845	12.795
11/09/2009	11.84	12.215	11.735	11.94	12.897
14/09/2009	11.865	11.98	11.64	11.96	12.919
15/09/2009	12.01	12.16	11.865	12.035	13
16/09/2009	12.06	12.385	12.06	12.28	13.265
17/09/2009	12.31	12.5	12.09	12.235	13.216
18/09/2009	12.275	12.275	12.07	12.13	13.103
21/09/2009	12.055	12.18	11.875	11.945	12.903
22/09/2009	11.97	12.51	11.965	12.31	13.297
23/09/2009	12.345	12.4	12.19	12.27	13.254
24/09/2009	12.3	12.42	11.99	12.175	13.151
25/09/2009	12.14	12.195	11.77	11.81	12.757
28/09/2009	11.85	12.21	11.665	12.165	13.14
29/09/2009	12.125	12.205	12.015	12.105	13.076
30/09/2009	12.09	12.29	11.915	12.11	13.081
01/10/2009	12.15	12.19	11.69	11.74	12.681
02/10/2009	11.6	11.6	11.23	11.53	12.455
05/10/2009	11.525	11.69	11.455	11.58	12.509
06/10/2009	11.645	11.86	11.605	11.76	12.703
07/10/2009	11.76	11.79	11.54	11.65	12.584
08/10/2009	11.71	11.84	11.71	11.81	12.757
09/10/2009	11.79	11.975	11.725	11.805	12.752
12/10/2009	11.845	12.005	11.845	11.935	12.892
13/10/2009	11.82	11.88	11.74	11.785	12.73
14/10/2009	11.925	12.06	11.88	11.99	12.951
15/10/2009	12.07	12.16	11.865	11.96	12.919
16/10/2009	11.96	12.135	11.725	11.73	12.671
19/10/2009	11.78	11.92	11.565	11.69	12.627
20/10/2009	11.7	11.74	11.5	11.56	12.487
21/10/2009	11.565	11.7	11.305	11.585	12.514
22/10/2009	11.415	11.47	11.28	11.41	12.325
23/10/2009	11.475	11.895	11.475	11.6	12.53
26/10/2009	11.62	11.645	11.17	11.17	12.066
27/10/2009	11.2	11.325	10.955	10.97	11.85
28/10/2009	11.095	11.095	10.35	10.37	11.202
29/10/2009	10.37	10.765	10.32	10.64	11.493
30/10/2009	10.8	10.875	10.5	10.5	11.342
02/11/2009	10.56	10.59	10.375	10.46	11.299
03/11/2009	10.41	10.56	10.28	10.465	11.304
04/11/2009	10.55	10.89	10.5	10.785	11.65
05/11/2009	10.7	10.885	10.605	10.74	11.601
06/11/2009	10.79	11.2	10.75	11.06	11.947
09/11/2009	11.18	11.315	11.12	11.22	12.12
10/11/2009	11.23	11.29	11.13	11.13	12.022
11/11/2009	11.135	11.275	10.955	11.02	11.904
12/11/2009	11.02	11.37	11.01	11.2	12.098
13/11/2009	11.275	11.405	11.045	11.21	12.109
16/11/2009	11.27	11.38	11.205	11.31	12.217
17/11/2009	11.195	11.21	11.035	11.075	11.963
18/11/2009	11.215	11.23	11.08	11.115	12.006
19/11/2009	11.07	11.135	10.75	10.79	11.655
20/11/2009	10.83	10.865	10.575	10.705	11.563
23/11/2009	10.81	11.09	10.81	10.96	11.839
24/11/2009	10.86	11.005	10.815	10.88	11.752
25/11/2009	10.92	10.99	10.735	10.83	11.698
26/11/2009	10.725	10.79	10.49	10.55	11.396
27/11/2009	10.425	10.645	10.355	10.605	11.455
30/11/2009	10.65	10.74	10.565	10.63	11.482
01/12/2009	10.685	10.98	10.685	10.92	11.796
02/12/2009	10.895	11.135	10.88	11.04	11.925
03/12/2009	11.13	11.49	11.125	11.43	12.346
04/12/2009	11.4	11.765	11.37	11.655	12.59
07/12/2009	11.565	11.765	11.495	11.665	12.6
08/12/2009	11.6	11.86	11.51	11.56	12.487
09/12/2009	11.515	11.695	11.425	11.46	12.379
10/12/2009	11.465	11.66	11.395	11.51	12.433
11/12/2009	11.515	11.765	11.515	11.72	12.66
14/12/2009	11.81	11.875	11.71	11.82	12.768
15/12/2009	11.79	11.855	11.625	11.8	12.746
16/12/2009	11.77	12.005	11.715	12.005	12.968
17/12/2009	11.865	12.04	11.86	11.935	12.892
18/12/2009	11.95	11.98	11.735	11.735	12.676
21/12/2009	11.8	11.97	11.73	11.96	12.919
22/12/2009	11.965	11.97	11.815	11.875	12.827
23/12/2009	11.925	12.025	11.89	11.955	12.914
28/12/2009	12.01	12.05	11.845	11.935	12.892
29/12/2009	11.91	12.01	11.85	11.87	12.822
30/12/2009	11.86	11.98	11.675	11.75	12.692
04/01/2010	11.75	11.9	11.705	11.855	12.806
05/01/2010	11.89	12.045	11.74	12	12.962
06/01/2010	12.05	12.195	11.94	12.15	13.124
07/01/2010	12.1	12.315	11.995	12.315	13.302
08/01/2010	12.315	12.725	12.285	12.675	13.691
11/01/2010	12.685	12.915	12.685	12.81	13.837
12/01/2010	12.78	12.82	12.44	12.44	13.437
13/01/2010	12.49	12.59	12.41	12.445	13.443
14/01/2010	12.55	12.7	12.48	12.57	13.578
15/01/2010	12.675	12.93	12.625	12.72	13.74
18/01/2010	12.82	12.84	12.48	12.76	13.783
19/01/2010	12.7	12.82	12.53	12.79	13.816
20/01/2010	12.785	12.91	12.485	12.52	13.524
21/01/2010	12.58	12.75	12.425	12.45	13.448
22/01/2010	12.3	12.31	11.33	11.695	12.633
25/01/2010	11.58	11.665	11.33	11.39	12.303
26/01/2010	11.51	11.64	11.41	11.56	12.487
27/01/2010	11.45	11.45	11.235	11.45	12.368
28/01/2010	11.61	11.83	11.44	11.44	12.357
29/01/2010	11.5	11.73	11.46	11.625	12.557
01/02/2010	11.55	11.84	11.52	11.77	12.714
02/02/2010	11.77	12	11.68	11.98	12.941
03/02/2010	12.02	12.03	11.71	11.745	12.687
04/02/2010	11.72	11.865	11.31	11.33	12.238
05/02/2010	11.265	11.375	11.035	11.045	11.931
08/02/2010	11.095	11.225	10.905	11.08	11.968
09/02/2010	11.1	11.165	10.94	11.015	11.898
10/02/2010	11.09	11.32	11.035	11.32	12.228
11/02/2010	11.33	11.39	10.82	10.955	11.833
12/02/2010	11.07	11.095	10.835	10.93	11.806
15/02/2010	10.965	11.08	10.88	10.92	11.796
16/02/2010	11.01	11.055	10.74	10.96	11.839
17/02/2010	11	11.145	10.91	11.1	11.99
18/02/2010	11.03	11.255	11.025	11.13	12.022
19/02/2010	11.075	11.195	10.98	11.185	12.082
22/02/2010	11.17	11.18	10.915	10.995	11.877
23/02/2010	11.245	11.25	10.915	10.95	11.828
24/02/2010	10.97	11.035	10.86	10.92	11.796
25/02/2010	10.875	11.02	10.725	10.79	11.655
26/02/2010	10.91	10.97	10.78	10.96	11.839
01/03/2010	11.06	11.12	10.91	11.1	11.99
02/03/2010	11.1	11.545	10.98	11.5	12.422
03/03/2010	11.46	11.63	11.4	11.59	12.519
04/03/2010	11.5	11.58	11.4	11.5	12.422
05/03/2010	11.52	11.78	11.475	11.705	12.644
08/03/2010	11.77	11.89	11.69	11.735	12.676
09/03/2010	11.75	11.875	11.64	11.865	12.816
10/03/2010	11.84	12	11.825	11.945	12.903
11/03/2010	11.92	11.995	11.78	11.78	12.725
12/03/2010	11.805	11.985	11.78	11.855	12.806
15/03/2010	11.875	11.94	11.74	11.74	12.681
16/03/2010	11.805	12.075	11.755	12.005	12.968
17/03/2010	12.09	12.17	12.015	12.1	13.07
18/03/2010	12.09	12.425	12.04	12.14	13.113
19/03/2010	12.21	12.33	12.115	12.285	13.27
22/03/2010	12.255	12.395	12.05	12.31	13.297
23/03/2010	12.265	12.45	12.245	12.37	13.362
24/03/2010	12.335	12.4	12.185	12.215	13.194
25/03/2010	12.225	12.63	12.215	12.57	13.578
26/03/2010	12.53	12.53	12.34	12.425	13.421
29/03/2010	12.49	12.575	12.44	12.555	13.562
30/03/2010	12.58	12.62	12.41	12.465	13.464
31/03/2010	12.45	12.555	12.205	12.28	13.265
01/04/2010	12.385	12.745	12.33	12.65	13.664
06/04/2010	12.655	12.885	12.59	12.87	13.902
07/04/2010	12.875	12.9	12.73	12.805	13.832
08/04/2010	12.9	13.04	12.625	12.785	13.81
09/04/2010	12.86	13.185	12.86	13.055	14.102
12/04/2010	13.085	13.16	12.95	12.95	13.988
13/04/2010	12.93	13.015	12.71	12.875	13.907
14/04/2010	12.905	13.065	12.79	13.045	14.091
15/04/2010	13.1	13.405	13.04	13.28	14.345
16/04/2010	13.06	13.1	12.735	12.735	13.756
19/04/2010	12.06	12.49	11.98	12.4	13.394
20/04/2010	12.57	12.67	12.45	12.62	13.632
21/04/2010	12.73	12.785	12.57	12.64	13.654
22/04/2010	12.67	12.725	12.345	12.4	13.394
23/04/2010	12.45	12.68	12.41	12.655	13.67
26/04/2010	12.79	12.88	12.715	12.76	13.783
27/04/2010	12.725	12.785	12.42	12.42	13.416
28/04/2010	12.365	12.45	12.145	12.205	13.184
29/04/2010	12.15	12.71	12.15	12.645	13.659
30/04/2010	12.645	12.83	12.455	12.55	13.556
03/05/2010	12.5	12.68	12.425	12.64	13.654
04/05/2010	12.59	12.645	12.045	12.045	13.011
05/05/2010	12.05	12.14	11.785	11.81	12.757
06/05/2010	11.785	12.04	11.645	11.68	12.617
07/05/2010	11.58	11.61	11.1	11.285	12.19
10/05/2010	11.36	11.82	11.36	11.665	12.6
11/05/2010	11.44	11.645	11.35	11.61	12.541
12/05/2010	11.55	11.895	11.525	11.865	12.816
13/05/2010	11.95	12.045	11.895	11.985	12.946
14/05/2010	11.86	11.955	11.485	11.555	12.482
17/05/2010	11.45	11.6	11.33	11.365	12.276
18/05/2010	11.465	11.61	11.37	11.42	12.336
19/05/2010	11.305	11.39	11.025	11.155	12.049
20/05/2010	11.2	11.355	10.73	10.925	11.801
21/05/2010	10.91	10.955	10.59	10.8	11.666
24/05/2010	10.855	10.91	10.615	10.8	11.666
25/05/2010	10.5	10.56	10.185	10.335	11.164
26/05/2010	10.5	10.77	10.46	10.575	11.423
27/05/2010	10.63	10.97	10.63	10.895	11.769
28/05/2010	10.935	11.02	10.805	10.83	11.698
31/05/2010	10.8	10.885	10.78	10.79	11.655
01/06/2010	10.75	10.84	10.52	10.76	11.623
02/06/2010	10.69	10.765	10.56	10.675	11.531
03/06/2010	10.9	11.19	10.9	11.06	11.947
04/06/2010	11.15	11.24	10.755	10.8	11.666
07/06/2010	10.725	10.83	10.61	10.75	11.612
08/06/2010	10.79	10.81	10.4	10.515	11.358
09/06/2010	10.58	10.71	10.325	10.7	11.558
10/06/2010	10.625	10.9	10.51	10.84	11.709
11/06/2010	10.98	11.165	10.9	11.065	11.952
14/06/2010	11.17	11.37	11.15	11.245	12.147
15/06/2010	11.15	11.54	11.15	11.48	12.401
16/06/2010	11.525	11.665	11.48	11.6	12.53
17/06/2010	11.575	11.745	11.475	11.57	12.498
18/06/2010	11.585	11.77	11.57	11.73	12.671
21/06/2010	11.89	11.95	11.685	11.73	12.671
22/06/2010	11.85	11.98	11.665	11.76	12.703
23/06/2010	11.76	12.195	11.735	12.03	12.995
24/06/2010	12.09	12.155	11.785	11.785	12.73
25/06/2010	11.805	11.945	11.695	11.78	12.725
28/06/2010	11.85	12.055	11.69	11.965	12.924
29/06/2010	11.805	11.895	11.325	11.37	12.282
30/06/2010	11.475	11.53	11.33	11.39	12.303
01/07/2010	11.255	11.425	11.14	11.255	12.157
02/07/2010	11.355	11.52	11.26	11.37	12.282
05/07/2010	11.45	11.48	11.29	11.29	12.195
06/07/2010	11.325	11.73	11.235	11.585	12.514
07/07/2010	11.5	11.675	11.3	11.66	12.595
08/07/2010	11.8	11.995	11.73	11.96	12.919
09/07/2010	12.04	12.13	11.925	12.105	13.076
12/07/2010	12.135	12.235	12.07	12.12	13.092
13/07/2010	12.075	12.445	12.075	12.335	13.324
14/07/2010	12.355	12.5	12.2	12.415	13.41
15/07/2010	12.375	12.45	12.105	12.145	13.119
16/07/2010	12.11	12.335	11.79	11.89	12.843
19/07/2010	11.915	12.13	11.8	11.86	12.811
20/07/2010	11.885	11.95	11.62	11.8	12.746
21/07/2010	11.845	12.05	11.735	11.95	12.908
22/07/2010	11.905	12.265	11.87	12.185	13.162
23/07/2010	12.17	12.5	12.065	12.48	13.481
26/07/2010	12.52	12.68	12.44	12.605	13.616
27/07/2010	12.625	12.765	12.56	12.595	13.605
28/07/2010	12.75	12.965	12.665	12.795	13.821
29/07/2010	12.5	12.54	12.14	12.22	13.2
30/07/2010	12.26	12.625	12.18	12.475	13.475
02/08/2010	12.54	12.76	12.315	12.645	13.659
03/08/2010	12.59	13.11	12.57	13.095	14.145
04/08/2010	13.08	13.085	12.82	13.025	14.069
05/08/2010	13.08	13.22	13.045	13.09	14.14
06/08/2010	13.15	13.3	12.765	12.805	13.832
09/08/2010	12.965	13.15	12.91	13.03	14.075
10/08/2010	13	13.01	12.58	12.765	13.789
11/08/2010	12.76	12.76	12.345	12.36	13.351
12/08/2010	12.355	12.49	12.265	12.335	13.324
13/08/2010	12.345	12.445	12.125	12.265	13.248
16/08/2010	12.295	12.44	12.26	12.29	13.275
17/08/2010	12.365	12.67	12.23	12.635	13.648
18/08/2010	12.6	12.78	12.52	12.685	13.702
19/08/2010	12.8	12.85	12.495	12.55	13.556
20/08/2010	12.54	12.575	12.435	12.5	13.502
23/08/2010	12.495	12.71	12.435	12.53	13.535
24/08/2010	12.47	12.495	12.305	12.4	13.394
25/08/2010	12.38	12.5	12.17	12.3	13.286
26/08/2010	12.355	12.59	12.35	12.47	13.47
27/08/2010	12.425	12.605	12.345	12.585	13.594
30/08/2010	12.595	12.7	12.48	12.53	13.535
31/08/2010	12.325	12.495	12.255	12.455	13.454
01/09/2010	12.5	12.885	12.29	12.87	13.902
02/09/2010	12.85	13	12.75	12.805	13.832
03/09/2010	12.79	13.085	12.78	13.025	14.069
06/09/2010	13.06	13.11	12.965	12.985	14.026
07/09/2010	12.995	13.005	12.82	12.905	13.94
08/09/2010	12.865	12.935	12.68	12.88	13.913
09/09/2010	12.88	13.18	12.775	13.16	14.215
10/09/2010	13.16	13.195	12.975	13.14	14.194
13/09/2010	13.2	13.48	13.11	13.37	14.442
14/09/2010	13.37	13.465	13.265	13.44	14.518
15/09/2010	13.405	13.45	13.14	13.26	14.323
16/09/2010	13.27	13.32	13.025	13.09	14.14
17/09/2010	13.24	13.45	13.15	13.21	14.269
20/09/2010	13.22	13.38	13.22	13.35	14.42
21/09/2010	13.28	13.785	13.215	13.65	14.745
22/09/2010	13.565	13.64	13.255	13.395	14.469
23/09/2010	13.5	13.55	13.07	13.125	14.177
24/09/2010	13.12	13.57	13.05	13.56	14.647
27/09/2010	13.6	13.67	13.42	13.43	14.507
28/09/2010	13.41	13.685	13.315	13.57	14.658
29/09/2010	13.6	13.7	13.375	13.55	14.636
30/09/2010	13.49	13.7	13.445	13.485	14.566
01/10/2010	13.5	13.78	13.44	13.615	14.707
04/10/2010	13.655	13.67	13.28	13.42	14.496
05/10/2010	13.485	13.76	13.365	13.75	14.853
06/10/2010	13.785	14.135	13.69	14.04	15.166
07/10/2010	14.02	14.23	13.92	13.98	15.101
08/10/2010	14.08	14.395	14.015	14.395	15.549
11/10/2010	14.305	14.44	14.27	14.345	15.495
12/10/2010	14.27	14.37	14.105	14.335	15.484
13/10/2010	14.405	14.925	14.37	14.785	15.971
14/10/2010	14.81	14.885	14.625	14.88	16.073
15/10/2010	14.91	15	14.75	14.865	16.057
18/10/2010	14.9	15.45	14.89	15.385	16.619
19/10/2010	15.265	15.445	14.95	14.995	16.197
20/10/2010	14.9	14.985	14.665	14.87	16.062
21/10/2010	14.9	15.205	14.895	15.125	16.338
22/10/2010	15.14	15.19	15.045	15.145	16.359
25/10/2010	15.275	15.36	15.11	15.115	16.327
26/10/2010	15.17	15.205	14.935	15.15	16.365
27/10/2010	15.24	15.615	15.145	15.43	16.667
28/10/2010	15.595	15.785	15.42	15.56	16.808
29/10/2010	15.68	15.68	15.32	15.375	16.608
01/11/2010	15.44	15.585	15.15	15.485	16.727
02/11/2010	15.375	15.69	15.37	15.545	16.791
03/11/2010	15.57	15.98	15.525	15.815	17.083
04/11/2010	15.9	16.375	15.875	16.23	17.531
05/11/2010	16.26	16.39	16.135	16.26	17.564
08/11/2010	16.25	16.445	16.185	16.34	17.65
09/11/2010	16.315	16.435	15.96	16.045	17.332
10/11/2010	16.01	16.115	15.76	15.91	17.186
11/11/2010	15.91	15.96	15.545	15.775	17.04
12/11/2010	15.695	16.085	15.6	16.035	17.321
15/11/2010	15.99	16.15	15.875	16.11	17.402
16/11/2010	16.08	16.095	15.595	15.61	16.862
17/11/2010	15.655	16	15.62	15.975	17.256
18/11/2010	16.35	16.38	16.17	16.25	17.553
19/11/2010	16.275	16.33	16.13	16.25	17.553
22/11/2010	16.37	16.765	16.345	16.505	17.828
23/11/2010	16.46	16.495	16.025	16.04	17.326
24/11/2010	16.19	16.66	16.015	16.535	17.861
25/11/2010	16.66	16.95	16.57	16.93	18.288
26/11/2010	16.87	17.07	16.65	16.65	17.985
29/11/2010	16.715	17.06	16.33	16.395	17.71
30/11/2010	16.42	16.55	16.32	16.395	17.71
01/12/2010	16.99	17.02	16.775	16.92	18.277
02/12/2010	17.05	17.535	17.05	17.445	18.844
03/12/2010	17.44	17.535	17.335	17.36	18.752
06/12/2010	17.385	17.605	17.275	17.535	18.941
07/12/2010	17.55	17.7	17.41	17.475	18.876
08/12/2010	17.42	17.93	17.42	17.77	19.195
09/12/2010	17.65	17.9	16.865	16.915	18.271
10/12/2010	16.91	17.29	16.9	17.12	18.493
13/12/2010	17.2	17.31	16.92	17.045	18.412
14/12/2010	17.2	17.4	17.12	17.34	18.73
15/12/2010	17.22	17.22	16.9	16.915	18.271
16/12/2010	16.975	16.985	16.715	16.765	18.109
17/12/2010	16.75	16.94	16.58	16.745	18.088
20/12/2010	16.645	16.69	16.335	16.605	17.936
21/12/2010	16.65	16.825	16.58	16.615	17.947
22/12/2010	16.665	16.925	16.625	16.645	17.98
23/12/2010	16.64	16.81	16.625	16.69	18.028
27/12/2010	16.785	16.82	16.48	16.655	17.99
28/12/2010	16.66	16.765	16.555	16.595	17.926
29/12/2010	16.6	16.725	16.52	16.67	18.007
30/12/2010	16.67	16.705	16.355	16.355	17.666
03/01/2011	16.44	16.91	16.42	16.85	18.201
04/01/2011	16.845	17.32	16.76	17.25	18.633
05/01/2011	17.29	17.305	16.865	16.95	18.309
06/01/2011	17.03	17.57	17	17.39	18.784
07/01/2011	17.15	17.325	16.96	17.255	18.639
10/01/2011	17.24	17.24	16.835	16.97	18.331
11/01/2011	17	17.265	16.875	17.18	18.558
12/01/2011	17.215	17.5	17.165	17.35	18.741
13/01/2011	17.2	17.25	16.81	16.875	18.228
14/01/2011	16.9	17.115	16.775	16.97	18.331
17/01/2011	16.81	16.905	16.625	16.66	17.996
18/01/2011	16.645	16.925	16.58	16.685	18.023
19/01/2011	16.71	16.755	15.96	16.085	17.375
20/01/2011	16.09	16.19	15.65	15.88	17.153
21/01/2011	16	16.18	15.81	15.81	17.078
24/01/2011	15.82	15.89	15.475	15.8	17.067
25/01/2011	15.78	15.91	15.61	15.665	16.921
26/01/2011	15.735	16.11	15.67	16.11	17.402
27/01/2011	16.11	16.31	15.74	15.75	17.013
28/01/2011	15.855	15.88	15.55	15.59	16.84
31/01/2011	15.525	15.575	15.17	15.345	16.575
01/02/2011	15.45	15.67	15.375	15.535	16.781
02/02/2011	15.59	15.685	15.25	15.395	16.629
03/02/2011	15.47	15.5	15.185	15.32	16.548
04/02/2011	15.415	15.42	15.19	15.295	16.521
07/02/2011	15.41	15.78	15.36	15.705	16.964
08/02/2011	15.79	15.95	15.625	15.92	17.197
09/02/2011	15.9	15.95	15.785	15.9	17.175
10/02/2011	15.48	15.5	15.26	15.5	16.743
11/02/2011	15.51	15.67	15.435	15.63	16.883
14/02/2011	15.705	15.71	15.37	15.58	16.829
15/02/2011	15.58	15.71	15.32	15.71	16.97
16/02/2011	15.73	15.9	15.665	15.8	17.067
17/02/2011	15.81	15.875	15.47	15.58	16.829
18/02/2011	15.58	15.7	15.44	15.7	16.959
21/02/2011	15.735	15.745	15.3	15.3	16.527
22/02/2011	15.06	15.36	14.69	15.225	16.446
23/02/2011	15.14	15.205	14.81	14.935	16.133
24/02/2011	14.7	14.8	14.365	14.53	15.695
25/02/2011	14.56	14.89	14.56	14.73	15.911
28/02/2011	14.685	15.01	14.54	14.815	16.003
01/03/2011	14.975	15.19	14.625	14.72	15.9
02/03/2011	14.53	14.675	14.36	14.4	15.555
03/03/2011	14.51	14.895	14.49	14.8	15.987
04/03/2011	14.945	14.965	14.45	14.5	15.663
07/03/2011	14.385	14.67	14.225	14.45	15.609
08/03/2011	14.55	14.855	14.4	14.62	15.792
09/03/2011	14.73	15.3	14.7	15.015	16.219
10/03/2011	14.965	15.015	14.785	15.005	16.208
11/03/2011	14.815	15.045	14.635	14.915	16.111
14/03/2011	14.755	15.1	14.695	14.86	16.052
15/03/2011	14.56	14.635	13.85	13.985	15.106
16/03/2011	14.195	14.31	13.525	13.565	14.653
17/03/2011	13.68	13.845	13.41	13.745	14.847
18/03/2011	13.9	14.135	13.685	13.93	15.047
21/03/2011	14.17	14.435	14.11	14.34	15.49
22/03/2011	14.33	14.52	14.165	14.285	15.43
23/03/2011	14.265	14.39	14.09	14.27	15.414
24/03/2011	14.285	14.73	14.22	14.65	15.825
25/03/2011	14.82	14.84	14.505	14.745	15.927
28/03/2011	14.7	14.96	14.7	14.765	15.949
29/03/2011	14.825	15.02	14.735	14.985	16.187
30/03/2011	15.09	15.155	14.96	15.1	16.311
31/03/2011	15.125	15.16	14.79	14.955	16.154
01/04/2011	15.05	15.21	14.825	15	16.203
04/04/2011	15.02	15.025	14.805	14.88	16.073
05/04/2011	14.845	14.88	14.535	14.77	15.954
06/04/2011	14.83	15.035	14.66	14.94	16.138
07/04/2011	14.95	15.06	14.785	14.82	16.008
08/04/2011	14.875	14.89	14.57	14.725	15.906
11/04/2011	14.64	14.76	14.43	14.51	15.673
12/04/2011	14.45	14.965	14.425	14.88	16.073
13/04/2011	14.935	15.125	14.815	15.02	16.224
14/04/2011	14.99	15.07	14.81	15.025	16.23
15/04/2011	15.05	15.115	14.96	14.985	16.187
18/04/2011	15.015	15.035	14.6	14.68	15.857
19/04/2011	14.75	14.88	14.61	14.7	15.879
20/04/2011	14.865	15.095	14.835	14.965	16.165
21/04/2011	14.98	15.03	14.81	14.94	16.138
26/04/2011	14.97	15.175	14.93	15.075	16.284
27/04/2011	15.24	15.565	15.19	15.5	16.743
28/04/2011	15.6	15.62	15.285	15.4	16.635
29/04/2011	15.315	15.375	15.16	15.32	16.548
02/05/2011	15.5	15.69	15.16	15.17	16.386
03/05/2011	15.16	15.255	15.1	15.205	16.424
04/05/2011	14.75	14.8	14.31	14.495	16.305
05/05/2011	14.45	14.695	14.23	14.67	16.502
06/05/2011	15.025	15.595	14.95	15.27	17.177
09/05/2011	15.145	15.285	14.95	15.07	16.952
10/05/2011	15.13	15.385	15.075	15.2	17.098
11/05/2011	15.31	15.45	15.155	15.29	17.2
12/05/2011	15.29	15.655	15.21	15.655	17.61
13/05/2011	15.68	15.805	15.48	15.53	17.47
16/05/2011	15.42	15.745	15.31	15.675	17.633
17/05/2011	15.665	15.79	15.5	15.53	17.47
18/05/2011	15.6	15.715	15.335	15.57	17.515
19/05/2011	15.64	15.78	15.435	15.62	17.571
20/05/2011	15.595	15.775	15.485	15.575	17.52
23/05/2011	15.12	15.135	14.81	15.025	16.902
24/05/2011	15	15.105	14.76	14.805	16.654
25/05/2011	14.7	15.065	14.575	14.97	16.84
26/05/2011	15.05	15.175	14.795	14.91	16.772
27/05/2011	15.02	15.13	14.945	15	16.873
30/05/2011	15.06	15.19	14.95	15.035	16.913
31/05/2011	15.125	15.26	15.06	15.14	17.031
01/06/2011	15.295	15.3	15.025	15.07	16.952
02/06/2011	14.93	14.95	14.7	14.745	16.587
03/06/2011	14.8	14.86	14.475	14.68	16.513
06/06/2011	14.53	14.57	14.43	14.535	16.35
07/06/2011	14.525	14.55	14.35	14.44	16.243
08/06/2011	14.345	14.365	14.02	14.11	15.872
09/06/2011	14.035	14.18	13.885	14.08	15.839
10/06/2011	14.1	14.1	13.83	13.905	15.642
13/06/2011	13.86	14.045	13.85	13.96	15.704
14/06/2011	14.09	14.13	13.98	14.055	15.81
15/06/2011	14.04	14.145	13.7	13.815	15.54
16/06/2011	13.965	14.01	13.805	13.95	15.692
17/06/2011	13.96	14.125	13.86	13.99	15.737
20/06/2011	13.905	14.155	13.79	14.135	15.9
21/06/2011	14.155	14.47	14.155	14.44	16.243
22/06/2011	14.47	14.5	14.38	14.42	16.221
23/06/2011	14.335	14.545	14.235	14.515	16.328
24/06/2011	14.76	15.04	14.55	14.61	16.435
27/06/2011	14.625	14.825	14.625	14.725	16.564
28/06/2011	14.81	14.985	14.755	14.9	16.761
29/06/2011	14.965	15.185	14.87	14.905	16.767
30/06/2011	14.925	15.07	14.79	15.025	16.902
01/07/2011	15.025	15.22	14.98	15.18	17.076
04/07/2011	15.22	15.32	15.125	15.245	17.149
05/07/2011	15.235	15.37	15.155	15.32	17.233
06/07/2011	15.265	15.45	15.175	15.37	17.29
07/07/2011	15.455	15.5	15.14	15.2	17.098
08/07/2011	15.35	15.35	15.055	15.115	17.003
11/07/2011	14.995	15.065	14.45	14.595	16.418
12/07/2011	14.425	14.45	14	14.26	16.041
13/07/2011	14.235	14.45	14.22	14.35	16.142
14/07/2011	14.28	14.38	14.145	14.205	15.979
15/07/2011	14.17	14.36	14.1	14.16	15.929
18/07/2011	14.13	14.155	13.795	13.83	15.557
19/07/2011	13.895	14.105	13.87	14.05	15.805
20/07/2011	14.15	14.29	14.115	14.23	16.007
21/07/2011	14.41	14.57	14.085	14.45	16.255
22/07/2011	14.6	14.75	14.46	14.625	16.452
25/07/2011	14.505	14.66	14.435	14.635	16.463
26/07/2011	14.705	14.75	14.54	14.635	16.463
27/07/2011	14.645	14.675	14.415	14.475	16.283
28/07/2011	14.11	14.14	13.62	14.065	15.822
29/07/2011	13.95	14.15	13.915	14.05	15.805
01/08/2011	14.27	14.31	13.67	13.78	15.501
02/08/2011	13.7	13.82	13.41	13.48	15.164
03/08/2011	13.31	13.44	12.9	13.12	14.759
04/08/2011	13.3	13.3	12.28	12.38	13.926
05/08/2011	12.06	12.94	11.86	12.545	14.112
08/08/2011	12.3	12.81	11.85	11.9	13.386
09/08/2011	11.81	12.09	11.17	11.975	13.471
10/08/2011	12.4	12.45	11.33	11.505	12.942
11/08/2011	11.75	11.9	11.25	11.78	13.251
12/08/2011	11.82	12.38	11.515	12.35	13.892
15/08/2011	12.5	12.635	12.245	12.43	13.982
16/08/2011	12.32	12.375	12.05	12.315	13.853
17/08/2011	12.265	12.39	12.06	12.135	13.651
18/08/2011	12.015	12.1	11.295	11.335	12.751
19/08/2011	11.355	11.37	10.75	10.935	12.301
22/08/2011	10.83	11.075	10.8	10.805	12.155
23/08/2011	10.82	10.855	10.54	10.6	11.924
24/08/2011	10.66	11.02	10.57	10.895	12.256
25/08/2011	10.995	11.125	10.49	10.71	12.048
26/08/2011	10.75	10.805	10.385	10.73	12.07
29/08/2011	10.905	11.05	10.82	10.95	12.318
30/08/2011	11.085	11.225	11	11.155	12.548
31/08/2011	11.24	11.91	11.215	11.795	13.268
01/09/2011	11.8	11.8	11.41	11.59	13.038
02/09/2011	11.455	11.495	11.13	11.185	12.582
05/09/2011	11.05	11.085	10.66	10.68	12.014
06/09/2011	10.68	10.9	10.54	10.63	11.958
07/09/2011	10.935	11.125	10.81	11.02	12.396
08/09/2011	11.135	11.32	10.915	11.015	12.391
09/09/2011	10.88	10.94	10.465	10.57	11.89
12/09/2011	10.35	10.555	10.23	10.425	11.727
13/09/2011	10.605	10.615	10.07	10.245	11.525
14/09/2011	10.12	10.98	10.1	10.935	12.301
15/09/2011	11.065	11.37	10.99	11.25	12.655
16/09/2011	11.35	11.385	11.045	11.11	12.498
19/09/2011	10.9	11.04	10.7	10.795	12.143
20/09/2011	10.75	11.2	10.03	10.32	11.609
21/09/2011	10.115	10.175	9.762	9.8	11.024
22/09/2011	9.61	9.634	9.251	9.264	10.421
23/09/2011	9.435	9.496	8.931	9.359	10.528
26/09/2011	9.2	9.768	9.163	9.607	10.807
27/09/2011	9.654	10.11	9.6	10.11	11.373
28/09/2011	10.03	10.18	9.783	9.86	11.091
29/09/2011	9.81	10.245	9.785	10.11	11.373
30/09/2011	10.07	10.105	9.664	9.756	10.974
03/10/2011	9.56	9.56	9.297	9.383	10.555
04/10/2011	9.201	9.23	8.85	8.976	10.097
05/10/2011	9.25	9.547	9.114	9.547	10.739
06/10/2011	9.447	9.55	9.214	9.54	10.732
07/10/2011	9.6	9.799	9.554	9.608	10.808
10/10/2011	9.68	10	9.612	10	11.249
11/10/2011	9.75	9.853	9.661	9.8	11.024
12/10/2011	9.79	10.01	9.653	10.005	11.255
13/10/2011	10.01	10.215	9.733	9.806	11.031
14/10/2011	9.881	10.015	9.681	9.787	11.009
17/10/2011	9.85	10.105	9.638	9.69	10.9
18/10/2011	9.6	9.799	9.45	9.731	10.946
19/10/2011	9.827	10.06	9.809	9.885	11.12
20/10/2011	9.736	9.869	9.506	9.532	10.723
21/10/2011	9.611	9.785	9.512	9.778	10.999
24/10/2011	9.824	10.2	9.752	10.2	11.474
25/10/2011	10.14	10.255	9.937	10.13	11.395
26/10/2011	10.15	10.37	9.95	10.04	11.294
27/10/2011	10.24	10.725	10.185	10.385	11.682
28/10/2011	10.49	10.49	10.22	10.4	11.699
31/10/2011	10.315	10.365	9.872	9.872	11.105
01/11/2011	9.776	9.776	9.19	9.244	10.399
02/11/2011	9.545	9.899	9.27	9.853	11.084
03/11/2011	9.602	10.44	9.567	10.39	11.688
04/11/2011	10.48	10.535	9.87	10.065	11.322
07/11/2011	10.01	10.175	9.851	9.926	11.166
08/11/2011	9.989	10.09	9.818	9.845	11.075
09/11/2011	10.015	10.085	9.504	9.558	10.752
10/11/2011	9.376	9.646	9.32	9.51	10.698
11/11/2011	9.553	9.888	9.494	9.888	11.123
14/11/2011	9.955	10.02	9.696	9.8	11.024
15/11/2011	9.72	9.791	9.489	9.616	10.817
16/11/2011	9.581	9.701	9.263	9.374	10.545
17/11/2011	9.311	9.426	9.045	9.123	10.262
18/11/2011	9.111	9.18	8.935	8.965	10.085
21/11/2011	8.997	9.02	8.604	8.623	9.7
22/11/2011	8.72	8.77	8.318	8.351	9.394
23/11/2011	8.3	8.56	8.251	8.426	9.478
24/11/2011	8.534	8.85	8.512	8.664	9.746
25/11/2011	8.667	8.759	8.43	8.672	9.755
28/11/2011	8.826	9.05	8.8	9.047	10.177
29/11/2011	9.05	9.2	8.892	9.2	10.349
30/11/2011	9.108	9.654	9.019	9.614	10.815
01/12/2011	9.584	9.777	9.54	9.61	10.81
02/12/2011	9.73	9.787	9.554	9.629	10.832
05/12/2011	9.744	9.79	9.547	9.708	10.92
06/12/2011	9.61	9.739	9.461	9.484	10.669
07/12/2011	9.582	9.681	9.025	9.119	10.258
08/12/2011	9.208	9.243	8.796	8.796	9.895
09/12/2011	8.716	9.121	8.71	9.11	10.248
12/12/2011	9.08	9.085	8.636	8.636	9.715
13/12/2011	8.694	8.759	8.566	8.643	9.722
14/12/2011	8.616	8.677	8.55	8.6	9.674
15/12/2011	8.686	8.921	8.646	8.801	9.9
16/12/2011	8.882	8.997	8.833	8.927	10.042
19/12/2011	8.85	9.126	8.838	8.888	9.998
20/12/2011	8.9	9.166	8.794	9.16	10.304
21/12/2011	9.23	9.38	8.993	9.026	10.153
22/12/2011	9.1	9.238	9.055	9.198	10.347
23/12/2011	9.254	9.258	9.1	9.179	10.325
27/12/2011	9.22	9.25	9.092	9.152	10.295
28/12/2011	9.11	9.176	8.973	9.003	10.127
29/12/2011	9.05	9.144	8.965	9.144	10.286
30/12/2011	9.164	9.185	9.056	9.185	10.332
02/01/2012	9.185	9.544	9.185	9.544	10.736
03/01/2012	9.63	9.673	9.471	9.666	10.873
04/01/2012	9.6	9.66	9.374	9.444	10.624
05/01/2012	9.415	9.455	9.075	9.161	10.305
06/01/2012	9.168	9.278	8.989	9.126	10.266
09/01/2012	9.112	9.16	8.821	8.874	9.982
10/01/2012	9.022	9.091	8.872	8.938	10.054
11/01/2012	8.99	9.212	8.953	9.185	10.332
12/01/2012	9.2	9.273	9.083	9.151	10.294
13/01/2012	9.251	9.313	8.821	9.04	10.169
16/01/2012	9.04	9.303	8.933	9.303	10.465
17/01/2012	9.418	9.594	9.315	9.571	10.766
18/01/2012	9.561	9.729	9.458	9.691	10.901
19/01/2012	9.84	10.2	9.785	10.165	11.435
20/01/2012	10.185	10.285	10.01	10.155	11.423
23/01/2012	10.18	10.52	10.15	10.345	11.637
24/01/2012	10.29	10.34	10.095	10.33	11.62
25/01/2012	10.38	10.515	10.165	10.355	11.648
26/01/2012	10.48	10.875	10.445	10.74	12.081
27/01/2012	10.745	10.995	10.66	10.855	12.211
30/01/2012	10.76	10.82	10.425	10.545	11.862
31/01/2012	10.65	10.775	10.53	10.565	11.885
01/02/2012	10.605	11.07	10.575	11.01	12.385
02/02/2012	11.04	11.09	10.885	11.045	12.424
03/02/2012	11.01	11.35	11.01	11.315	12.728
06/02/2012	11.265	11.315	11.025	11.18	12.576
07/02/2012	11.115	11.165	10.9	11.16	12.554
08/02/2012	11.2	11.375	11.16	11.21	12.61
09/02/2012	11.225	11.305	11	11.045	12.424
10/02/2012	10.94	10.945	10.63	10.715	12.053
13/02/2012	10.81	10.88	10.64	10.71	12.048
14/02/2012	10.7	10.78	10.47	10.525	11.84
15/02/2012	10.66	10.85	10.58	10.65	11.98
16/02/2012	10.58	10.59	10.355	10.58	11.901
17/02/2012	10.7	10.875	10.66	10.825	12.177
20/02/2012	10.89	11	10.845	10.94	12.306
21/02/2012	10.905	10.925	10.61	10.76	12.104
22/02/2012	10.73	10.75	10.345	10.485	11.795
23/02/2012	10.6	10.6	10.2	10.355	11.648
24/02/2012	10.425	10.475	10.255	10.42	11.721
27/02/2012	10.175	10.25	9.976	10.17	11.44
28/02/2012	10.22	10.355	10.095	10.34	11.631
29/02/2012	10.415	10.625	10.365	10.42	11.721
01/03/2012	10.415	10.575	10.325	10.465	11.772
02/03/2012	10.48	10.565	10.375	10.5	11.811
05/03/2012	10.45	10.5	10.23	10.305	11.592
06/03/2012	10.26	10.3	9.999	10.025	11.277
07/03/2012	10	10.135	9.909	10.025	11.277
08/03/2012	10.11	10.14	9.831	9.939	11.18
09/03/2012	9.97	9.971	9.683	9.868	11.1
12/03/2012	9.86	9.908	9.758	9.858	11.089
13/03/2012	9.97	10.18	9.915	10.17	11.44
14/03/2012	10.245	10.725	10.205	10.515	11.828
15/03/2012	10.6	10.655	10.13	10.42	11.721
16/03/2012	10.4	10.79	10.36	10.49	11.8
19/03/2012	10.5	10.56	10.44	10.475	11.783
20/03/2012	10.7	10.7	10.395	10.5	11.811
21/03/2012	10.535	10.635	10.27	10.405	11.705
22/03/2012	10.405	10.405	10.11	10.25	11.53
23/03/2012	10.25	10.42	10.1	10.305	11.592
26/03/2012	10.33	10.49	10.265	10.47	11.778
27/03/2012	10.72	10.915	10.695	10.7	12.036
28/03/2012	10.66	10.785	10.575	10.595	11.918
29/03/2012	10.55	10.66	10.295	10.33	11.62
30/03/2012	10.43	10.69	10.35	10.495	11.806
02/04/2012	10.48	10.57	10.255	10.47	11.778
03/04/2012	10.485	10.735	10.465	10.55	11.868
04/04/2012	10.49	10.5	9.998	10.07	11.328
05/04/2012	10.2	10.325	10.055	10.185	11.457
10/04/2012	10.08	10.295	9.977	9.977	11.223
11/04/2012	10	10.13	9.97	10.065	11.322
12/04/2012	10.105	10.29	9.975	10.23	11.508
13/04/2012	10.245	10.525	9.907	9.954	11.197
16/04/2012	9.93	9.93	9.66	9.849	11.079
17/04/2012	9.85	10.17	9.85	10.13	11.395
18/04/2012	10.17	10.205	9.936	9.94	11.181
19/04/2012	10	10.09	9.815	9.829	11.057
20/04/2012	9.835	9.906	9.711	9.879	11.113
23/04/2012	9.85	9.85	9.232	9.355	10.523
24/04/2012	9.635	9.734	9.512	9.567	10.762
25/04/2012	9.702	9.98	9.701	9.93	11.17
26/04/2012	9.908	9.959	9.581	9.77	10.99
27/04/2012	9.719	10.02	9.678	9.975	11.221
30/04/2012	10.05	10.055	9.777	9.831	11.059
02/05/2012	9.88	10	9.819	9.905	11.142
03/05/2012	9.6	10.105	9.6	9.811	11.036
04/05/2012	9.8	9.8	9.415	9.553	10.746
07/05/2012	9.27	9.417	9.245	9.403	10.577
08/05/2012	9.38	9.526	9.161	9.245	10.4
09/05/2012	9.058	9.122	8.872	9.027	10.436
10/05/2012	9.107	9.264	8.963	9.18	10.613
11/05/2012	9.1	9.306	9.069	9.257	10.702
14/05/2012	9.178	9.178	8.954	9.023	10.431
15/05/2012	9.112	9.115	8.608	8.703	10.061
16/05/2012	8.659	8.81	8.573	8.693	10.05
17/05/2012	8.738	8.745	8.491	8.526	9.856
18/05/2012	8.452	8.595	8.39	8.483	9.807
21/05/2012	8.46	8.64	8.4	8.56	9.896
22/05/2012	8.63	8.782	8.599	8.763	10.13
23/05/2012	8.684	8.72	8.333	8.39	9.699
24/05/2012	8.5	8.521	8.326	8.471	9.793
25/05/2012	8.493	8.629	8.343	8.479	9.802
28/05/2012	8.61	8.617	8.464	8.536	9.868
29/05/2012	8.579	8.776	8.544	8.676	10.03
30/05/2012	8.648	8.746	8.504	8.535	9.867
31/05/2012	8.578	8.624	8.405	8.482	9.806
01/06/2012	8.516	8.524	8.195	8.271	9.562
04/06/2012	8.2	8.307	8.151	8.197	9.476
05/06/2012	8.197	8.2	7.991	8.057	9.314
06/06/2012	8.193	8.327	8.146	8.27	9.561
07/06/2012	8.38	8.392	8.241	8.259	9.548
08/06/2012	8.205	8.26	8.052	8.242	9.528
11/06/2012	8.45	8.45	8.059	8.085	9.347
12/06/2012	8.127	8.17	7.884	8.037	9.291
13/06/2012	8.086	8.095	7.949	8.041	9.296
14/06/2012	8.04	8.071	7.895	8.021	9.273
15/06/2012	8.05	8.219	7.991	8.174	9.45
18/06/2012	8.24	8.26	8.056	8.214	9.496
19/06/2012	8.237	8.66	8.227	8.621	9.966
20/06/2012	8.6	8.89	8.56	8.803	10.177
21/06/2012	8.752	9.114	8.732	8.877	10.262
22/06/2012	8.8	9.123	8.77	8.968	10.367
25/06/2012	8.96	8.998	8.754	8.779	10.149
26/06/2012	8.757	8.856	8.717	8.791	10.163
27/06/2012	8.818	8.913	8.67	8.884	10.27
28/06/2012	8.92	8.951	8.655	8.77	10.139
29/06/2012	8.999	9.157	8.923	9.113	10.535
02/07/2012	9.082	9.165	9.001	9.107	10.528
03/07/2012	9.115	9.334	9.115	9.281	10.729
04/07/2012	9.281	9.37	9.207	9.311	10.764
05/07/2012	9.273	9.457	9.091	9.2	10.636
06/07/2012	9.212	9.446	9.212	9.271	10.718
09/07/2012	9.307	9.578	9.282	9.436	10.908
10/07/2012	9.465	9.62	9.406	9.587	11.083
11/07/2012	9.518	9.69	9.381	9.65	11.156
12/07/2012	9.571	9.722	9.51	9.63	11.133
13/07/2012	9.63	9.775	9.595	9.745	11.266
16/07/2012	9.741	9.9	9.733	9.886	11.429
17/07/2012	9.914	9.92	9.574	9.709	11.224
18/07/2012	9.755	9.874	9.687	9.82	11.352
19/07/2012	9.8	9.916	9.721	9.894	11.438
20/07/2012	9.89	9.93	9.826	9.852	11.389
23/07/2012	9.694	9.736	9.501	9.637	11.141
24/07/2012	9.642	9.717	9.585	9.606	11.105
25/07/2012	9.595	9.822	9.595	9.72	11.237
26/07/2012	9.781	10.07	9.741	10.01	11.572
27/07/2012	10.05	10.1	9.75	10.085	11.659
30/07/2012	10.15	10.465	10.15	10.41	12.034
31/07/2012	10.38	10.41	10.24	10.25	11.85
01/08/2012	10.18	10.39	10.11	10.3	11.907
02/08/2012	10.4	10.64	10.16	10.165	11.751
03/08/2012	10.18	10.29	10.015	10.23	11.826
06/08/2012	10.2	10.315	10.13	10.27	11.873
07/08/2012	10.195	10.315	10.18	10.26	11.861
08/08/2012	10.15	10.15	9.762	9.955	11.508
09/08/2012	10	10.02	9.803	9.886	11.429
10/08/2012	9.869	10.035	9.846	9.958	11.512
13/08/2012	9.958	10.035	9.905	9.95	11.503
14/08/2012	10.02	10.1	9.957	10.045	11.613
15/08/2012	10.03	10.05	9.944	9.967	11.522
16/08/2012	10	10.03	9.862	9.996	11.556
17/08/2012	9.89	9.999	9.76	9.957	11.511
20/08/2012	9.978	9.993	9.77	9.818	11.35
21/08/2012	9.84	10.05	9.84	9.99	11.549
22/08/2012	9.95	10.035	9.869	9.932	11.482
23/08/2012	9.99	10.06	9.801	9.888	11.431
24/08/2012	9.883	9.884	9.76	9.83	11.364
27/08/2012	9.818	9.944	9.806	9.918	11.466
28/08/2012	9.767	9.888	9.671	9.838	11.373
29/08/2012	9.836	9.861	9.601	9.708	11.223
30/08/2012	9.65	9.782	9.641	9.76	11.283
31/08/2012	9.732	9.897	9.685	9.81	11.341
03/09/2012	9.769	9.876	9.74	9.804	11.334
04/09/2012	9.804	9.824	9.617	9.674	11.184
05/09/2012	9.658	9.746	9.579	9.65	11.156
06/09/2012	9.705	9.99	9.683	9.974	11.53
07/09/2012	9.974	10.165	9.94	10.125	11.705
10/09/2012	10.15	10.47	10.15	10.375	11.994
11/09/2012	10.35	10.67	10.32	10.655	12.318
12/09/2012	10.67	10.875	10.66	10.83	12.52
13/09/2012	10.77	10.83	10.66	10.72	12.393
14/09/2012	10.85	10.93	10.765	10.78	12.462
17/09/2012	10.705	10.79	10.645	10.73	12.404
18/09/2012	10.695	10.805	10.66	10.735	12.41
19/09/2012	10.78	10.8	10.655	10.78	12.462
20/09/2012	10.7	11.075	10.68	10.975	12.688
21/09/2012	11.005	11.065	10.94	10.94	12.647
24/09/2012	10.88	10.995	10.805	10.89	12.589
25/09/2012	10.88	10.98	10.82	10.93	12.636
26/09/2012	10.815	10.845	10.635	10.7	12.37
27/09/2012	10.73	10.81	10.68	10.73	12.404
28/09/2012	10.75	10.87	10.47	10.55	12.196
01/10/2012	10.55	10.8	10.54	10.705	12.376
02/10/2012	10.645	10.97	10.635	10.865	12.56
03/10/2012	10.865	10.95	10.79	10.93	12.636
04/10/2012	10.975	11.035	10.88	10.915	12.618
05/10/2012	10.93	11.05	10.87	10.975	12.688
08/10/2012	10.91	10.97	10.765	10.81	12.497
09/10/2012	10.805	10.835	10.69	10.735	12.41
10/10/2012	10.73	10.77	10.62	10.67	12.335
11/10/2012	10.63	10.88	10.63	10.85	12.543
12/10/2012	10.8	10.935	10.755	10.78	12.462
15/10/2012	10.76	10.89	10.71	10.76	12.439
16/10/2012	10.82	10.96	10.71	10.95	12.659
17/10/2012	10.94	11.075	10.9	11.07	12.797
18/10/2012	11.095	11.465	11.055	11.35	13.121
19/10/2012	11.26	11.36	11.185	11.245	13
22/10/2012	11.21	11.22	11.07	11.11	12.844
23/10/2012	11.07	11.1	10.715	10.775	12.456
24/10/2012	10.76	10.815	10.585	10.68	12.347
25/10/2012	10.68	10.955	10.64	10.745	12.422
26/10/2012	10.675	10.87	10.595	10.85	12.543
29/10/2012	10.75	10.82	10.685	10.78	12.462
30/10/2012	10.825	11.025	10.8	10.985	12.699
31/10/2012	11.5	11.86	11.36	11.79	13.63
01/11/2012	11.68	12.145	11.67	12.14	14.034
02/11/2012	12.12	12.325	12.105	12.3	14.219
05/11/2012	12.18	12.435	12.115	12.19	14.092
06/11/2012	12.28	12.595	12.225	12.55	14.508
07/11/2012	12.67	12.77	12.21	12.335	14.26
08/11/2012	12.27	12.38	12.17	12.195	14.098
09/11/2012	12.145	12.38	12.11	12.29	14.208
12/11/2012	12.28	12.515	12.26	12.425	14.364
13/11/2012	12.415	12.6	12.41	12.58	14.543
14/11/2012	12.575	12.695	12.505	12.54	14.497
15/11/2012	12.47	12.47	11.82	11.9	13.757
16/11/2012	11.88	11.9	11.615	11.685	13.508
19/11/2012	11.74	12.065	11.74	11.935	13.797
20/11/2012	11.9	12.03	11.785	12	13.873
21/11/2012	11.97	12.15	11.855	11.93	13.792
22/11/2012	12.065	12.51	12.05	12.51	14.462
23/11/2012	12.515	12.7	12.495	12.585	14.549
26/11/2012	12.63	12.96	12.605	12.96	14.982
27/11/2012	12.99	13.205	12.77	12.87	14.878
28/11/2012	12.82	12.88	12.585	12.835	14.838
29/11/2012	12.89	13.065	12.835	12.955	14.977
30/11/2012	12.925	12.985	12.755	12.76	14.751
03/12/2012	12.765	12.94	12.72	12.835	14.838
04/12/2012	12.845	13.355	12.805	13.28	15.352
05/12/2012	13.325	13.46	13.22	13.44	15.537
06/12/2012	13.455	13.645	13.36	13.59	15.711
07/12/2012	13.53	13.57	13.27	13.3	15.375
10/12/2012	13.25	13.305	13.09	13.14	15.19
11/12/2012	13.14	13.435	13.09	13.415	15.508
12/12/2012	13.41	13.795	13.4	13.685	15.821
13/12/2012	13.785	13.91	13.545	13.775	15.925
14/12/2012	13.77	13.82	13.695	13.77	15.919
17/12/2012	13.885	14.045	13.885	14.03	16.219
18/12/2012	14.05	14.41	14.04	14.4	16.647
19/12/2012	14.39	14.45	14.245	14.435	16.688
20/12/2012	14.37	14.46	14.33	14.385	16.63
21/12/2012	14.265	14.485	14.225	14.465	16.722
27/12/2012	14.39	14.45	14.275	14.375	16.618
28/12/2012	14.3	14.395	14.235	14.24	16.462
02/01/2013	14.495	14.98	14.43	14.815	17.127
03/01/2013	14.79	14.975	14.695	14.925	17.254
04/01/2013	14.855	14.98	14.795	14.975	17.312
07/01/2013	14.85	15.05	14.845	15.035	17.381
08/01/2013	14.955	15.01	14.725	14.73	17.029
09/01/2013	14.76	14.98	14.725	14.805	17.115
10/01/2013	14.805	14.95	14.72	14.775	17.081
11/01/2013	14.48	14.69	14.05	14.51	16.774
14/01/2013	14.485	14.775	14.465	14.63	16.913
15/01/2013	14.5	14.5	14.13	14.3	16.532
16/01/2013	14.29	14.41	14.245	14.365	16.607
17/01/2013	14.35	14.74	14.32	14.69	16.982
18/01/2013	14.71	14.71	14.44	14.44	16.693
21/01/2013	14.435	15.02	14.375	15.02	17.364
22/01/2013	14.985	15.03	14.76	14.845	17.162
23/01/2013	14.84	14.915	14.675	14.805	17.115
24/01/2013	14.8	15.14	14.77	15.14	17.503
25/01/2013	15.14	15.285	15.065	15.275	17.659
28/01/2013	15.3	15.3	14.96	15.19	17.56
29/01/2013	15.2	15.265	15.04	15.13	17.491
30/01/2013	15.15	15.16	14.89	14.915	17.242
31/01/2013	14.875	14.98	14.6	14.625	16.907
01/02/2013	14.64	14.84	14.52	14.805	17.115
04/02/2013	14.775	14.8	14.385	14.405	16.653
05/02/2013	14.35	14.455	14.16	14.36	16.601
06/02/2013	14.425	14.935	14.37	14.755	17.058
07/02/2013	14.695	14.77	14.49	14.575	16.849
08/02/2013	14.665	14.945	14.6	14.89	17.214
11/02/2013	14.845	14.88	14.705	14.785	17.092
12/02/2013	14.86	15.15	14.76	15.08	17.433
13/02/2013	15.075	15.455	15.055	15.385	17.786
14/02/2013	15.385	15.5	15.13	15.325	17.716
15/02/2013	15.35	15.52	15.29	15.44	17.849
18/02/2013	15.645	15.93	15.575	15.7	18.15
19/02/2013	15.73	16.09	15.705	15.99	18.485
20/02/2013	15.305	15.65	14.945	15	17.341
21/02/2013	14.875	15	14.78	15	17.341
22/02/2013	15.085	15.26	15.04	15.095	17.451
25/02/2013	15.135	15.255	14.85	14.98	17.318
26/02/2013	14.7	15.005	14.58	14.895	17.219
27/02/2013	14.915	15.025	14.72	14.94	17.271
28/02/2013	14.935	15.49	14.9	15.45	17.861
01/03/2013	15.405	15.55	15.26	15.47	17.884
04/03/2013	15.36	15.545	15.28	15.5	17.919
05/03/2013	15.615	15.785	15.605	15.605	18.04
06/03/2013	15.58	15.73	15.465	15.48	17.896
07/03/2013	15.475	15.495	15.305	15.4	17.803
08/03/2013	15.42	15.55	15.265	15.29	17.676
11/03/2013	15.25	15.325	15.045	15.11	17.468
12/03/2013	15.05	15.635	15.04	15.6	18.034
13/03/2013	15.635	15.64	15.34	15.49	17.907
14/03/2013	15.7	16.09	15.665	16.05	18.555
15/03/2013	16.06	16.21	16.04	16.16	18.682
18/03/2013	16.13	16.595	16.07	16.545	19.127
19/03/2013	16.52	16.565	16.215	16.305	18.849
20/03/2013	16.365	16.495	16.135	16.215	18.745
21/03/2013	16.295	16.35	15.79	15.835	18.306
22/03/2013	15.77	15.855	15.545	15.665	18.11
25/03/2013	15.885	16.12	15.705	15.75	18.208
26/03/2013	15.77	15.86	15.52	15.625	18.063
27/03/2013	15.75	15.775	15.275	15.34	17.734
28/03/2013	15.27	15.43	15.19	15.235	17.612
02/04/2013	15.235	15.525	15.18	15.475	17.89
03/04/2013	15.4	15.63	15.25	15.465	17.878
04/04/2013	15.53	15.545	14.92	14.92	17.248
05/04/2013	14.8	14.8	13.985	14.14	16.347
08/04/2013	14.25	14.45	13.82	13.87	16.034
09/04/2013	14.03	14.265	13.765	13.88	16.046
10/04/2013	13.96	14.465	13.925	14.385	16.63
11/04/2013	14.32	14.71	14.28	14.645	16.93
12/04/2013	14.5	14.59	14.16	14.23	16.451
15/04/2013	14.245	14.32	13.97	14.205	16.422
16/04/2013	14.11	14.63	14.055	14.58	16.855
17/04/2013	14.65	14.73	14.185	14.335	16.572
18/04/2013	14.33	14.385	13.905	13.98	16.162
19/04/2013	14.075	14.155	13.805	13.915	16.086
22/04/2013	13.95	14.275	13.87	14.105	16.306
23/04/2013	14.5	14.71	14.285	14.65	16.936
24/04/2013	14.645	14.94	14.565	14.935	17.266
25/04/2013	14.895	15.015	14.645	15	17.341
26/04/2013	14.99	15	14.535	14.72	17.017
29/04/2013	14.74	14.96	14.72	14.9	17.225
30/04/2013	14.94	15.23	14.93	15.18	17.549
02/05/2013	15.1	16.06	15.1	15.745	18.202
03/05/2013	15.8	15.97	15.445	15.82	18.289
06/05/2013	15.835	15.845	15.545	15.66	18.104
07/05/2013	15.665	15.91	15.52	15.86	18.335
08/05/2013	15.79	15.985	15.675	15.94	18.427
09/05/2013	15.85	15.98	15.815	15.91	18.393
10/05/2013	15.855	16.095	15.755	16.09	18.601
13/05/2013	16.05	16.05	15.52	15.75	18.208
14/05/2013	15.77	15.825	15.535	15.69	18.138
15/05/2013	15.665	15.83	15.485	15.745	18.202
16/05/2013	15.7	15.915	15.595	15.735	18.19
17/05/2013	15.66	15.7	15.455	15.51	17.93
20/05/2013	15.575	16.15	15.54	16.07	18.578
21/05/2013	15.93	16.24	15.85	16.23	18.763
22/05/2013	16.19	16.57	16.13	16.475	19.046
23/05/2013	16.125	16.275	15.93	16.185	18.711
24/05/2013	16.275	16.35	15.825	15.99	18.485
27/05/2013	15.985	16.195	15.97	16.14	18.659
28/05/2013	16.225	16.815	16.225	16.605	19.196
29/05/2013	16.535	16.575	16.015	16.12	18.636
30/05/2013	16.09	16.85	16.06	16.835	19.462
31/05/2013	16.75	16.755	16.435	16.63	19.225
03/06/2013	16.575	16.935	16.55	16.71	19.318
04/06/2013	16.84	17.275	16.805	17.095	19.763
05/06/2013	17.01	17.02	16.765	16.82	19.445
06/06/2013	17.125	17.17	16.53	16.58	19.167
07/06/2013	16.665	16.725	16.205	16.345	18.896
10/06/2013	16.31	16.79	16.24	16.44	19.005
11/06/2013	16.36	16.78	16.285	16.465	19.034
12/06/2013	16.24	16.37	15.715	15.845	18.318
13/06/2013	15.55	15.91	15.24	15.875	18.352
14/06/2013	15.96	16.16	15.925	15.95	18.439
17/06/2013	15.96	16.15	15.945	16	18.497
18/06/2013	15.97	16.215	15.955	16.02	18.52
19/06/2013	16.05	16.145	15.895	16.025	18.526
20/06/2013	15.7	15.915	15.635	15.675	18.121
21/06/2013	15.76	15.895	15.56	15.56	17.988
24/06/2013	15.555	15.64	14.98	15.07	17.422
25/06/2013	15.14	15.295	15.06	15.27	17.653
26/06/2013	15.305	15.64	15.29	15.42	17.826
27/06/2013	15.43	15.7	15.155	15.575	18.005
28/06/2013	15.73	15.935	15.405	15.595	18.029
01/07/2013	15.67	15.85	15.37	15.805	18.271
02/07/2013	15.855	15.965	15.67	15.885	18.364
03/07/2013	15.77	15.785	15.225	15.27	17.653
04/07/2013	15.38	15.71	15.215	15.63	18.069
05/07/2013	15.595	15.69	15.225	15.255	17.636
08/07/2013	15.38	15.525	15.255	15.33	17.722
09/07/2013	15.14	15.29	14.955	15.28	17.664
10/07/2013	15.28	15.39	15.095	15.23	17.607
11/07/2013	15.45	15.45	14.955	15.235	17.612
12/07/2013	15.265	15.47	15.205	15.37	17.768
15/07/2013	15.33	15.52	15.32	15.415	17.821
16/07/2013	15.58	15.78	15.49	15.54	17.965
17/07/2013	15.645	15.65	15.115	15.34	17.734
18/07/2013	15.15	15.4	15	15.345	17.74
19/07/2013	15.395	15.65	15.355	15.555	17.982
22/07/2013	15.575	15.6	15.4	15.47	17.884
23/07/2013	15.46	15.47	15.03	15.06	17.41
24/07/2013	15.17	15.61	15.17	15.52	17.942
25/07/2013	15.48	15.715	15.44	15.6	18.034
26/07/2013	15.67	15.84	15.43	15.445	17.855
29/07/2013	15.34	15.45	15.23	15.32	17.711
30/07/2013	15.4	15.475	15.24	15.25	17.63
31/07/2013	15.2	15.21	14.99	15.05	17.399
01/08/2013	15.08	15.475	15.075	15.44	17.849
02/08/2013	15	15.135	14.605	14.665	16.953
05/08/2013	14.7	14.965	14.68	14.84	17.156
06/08/2013	14.845	14.91	14.475	14.525	16.792
07/08/2013	14.5	14.55	14.23	14.26	16.485
08/08/2013	14.32	14.595	14.18	14.53	16.797
09/08/2013	14.695	14.92	14.605	14.835	17.15
12/08/2013	14.775	14.805	14.57	14.69	16.982
13/08/2013	14.73	14.95	14.695	14.82	17.133
14/08/2013	14.885	14.96	14.68	14.72	17.017
15/08/2013	14.72	14.72	14.215	14.38	16.624
16/08/2013	14.005	14.26	13.72	14.2	16.416
19/08/2013	14.135	14.275	14.035	14.205	16.422
20/08/2013	14.1	14.18	13.805	14.16	16.37
21/08/2013	14.1	14.32	14.06	14.065	16.26
22/08/2013	14.08	14.48	14.08	14.4	16.647
23/08/2013	14.42	14.585	14.25	14.43	16.682
26/08/2013	14.495	14.555	14.355	14.46	16.716
27/08/2013	14.255	14.35	13.925	13.935	16.11
28/08/2013	13.8	13.855	13.155	13.49	15.595
29/08/2013	13.63	13.91	13.605	13.775	15.925
30/08/2013	13.805	13.86	13.43	13.505	15.612
02/09/2013	13.77	13.85	13.675	13.7	15.838
03/09/2013	13.805	13.805	13.14	13.31	15.387
04/09/2013	13.13	13.13	12.54	12.925	14.942
05/09/2013	12.98	13.07	12.825	13	15.029
06/09/2013	13.03	13.155	12.885	12.96	14.982
09/09/2013	12.955	13.145	12.955	13.04	15.075
10/09/2013	13.365	13.815	13.33	13.81	15.965
11/09/2013	13.95	14.14	13.745	13.965	16.144
12/09/2013	14.01	14.135	13.84	13.95	16.127
13/09/2013	13.9	14.025	13.725	13.94	16.115
16/09/2013	14.065	14.18	13.835	14	16.185
17/09/2013	14.03	14.035	13.815	13.85	16.011
18/09/2013	13.85	13.935	13.62	13.845	16.006
19/09/2013	14.015	14.08	13.735	13.795	15.948
20/09/2013	13.74	14.025	13.74	14.02	16.208
23/09/2013	14.025	14.07	13.82	13.92	16.092
24/09/2013	13.92	14.1	13.8	14.08	16.277
25/09/2013	14.08	14.58	13.935	14.51	16.774
26/09/2013	14.58	14.755	14.475	14.675	16.965
27/09/2013	14.61	14.705	14.505	14.63	16.913
30/09/2013	14.45	14.455	14.23	14.415	16.664
01/10/2013	14.48	14.87	14.475	14.795	17.104
02/10/2013	14.415	14.545	14.165	14.27	16.497
03/10/2013	14.225	14.335	13.985	14.12	16.323
04/10/2013	14.1	14.545	14.05	14.41	16.659
07/10/2013	14.4	14.4	14.145	14.255	16.479
08/10/2013	14.24	14.275	13.96	14.01	16.196
09/10/2013	14	14.17	13.905	14.025	16.214
10/10/2013	14.06	14.465	13.98	14.135	16.341
11/10/2013	14.24	14.255	14.07	14.145	16.352
14/10/2013	14.055	14.125	13.96	14.02	16.208
15/10/2013	14.105	14.26	14.03	14.215	16.433
16/10/2013	14.15	14.17	14.015	14.05	16.242
17/10/2013	14.035	14.495	14	14.49	16.751
18/10/2013	14.5	14.87	14.475	14.835	17.15
21/10/2013	14.855	14.985	14.575	14.855	17.173
22/10/2013	14.1	14.68	14.01	14.505	16.768
23/10/2013	14.35	14.6	14.33	14.57	16.844
24/10/2013	14.64	14.74	14.61	14.73	17.029
25/10/2013	14.635	14.635	14.27	14.47	16.728
28/10/2013	14.5	14.545	14.25	14.32	16.555
29/10/2013	14.295	14.52	14.16	14.405	16.653
30/10/2013	14.4	14.72	14.395	14.685	16.977
31/10/2013	14.6	14.82	14.135	14.265	16.491
01/11/2013	14.34	14.34	14.05	14.315	16.549
04/11/2013	14.28	14.37	14.08	14.365	16.607
05/11/2013	14.405	14.405	14.21	14.325	16.56
06/11/2013	14.36	14.465	14.265	14.315	16.549
07/11/2013	14.31	14.365	14.165	14.23	16.451
08/11/2013	14.18	14.535	14.18	14.49	16.751
11/11/2013	14.535	14.765	14.45	14.71	17.005
12/11/2013	14.74	14.89	14.71	14.85	17.167
13/11/2013	14.785	14.825	14.56	14.675	16.965
14/11/2013	14.84	14.97	14.835	14.935	17.266
15/11/2013	15	15.29	14.94	15.19	17.56
18/11/2013	15.16	15.5	15.12	15.245	17.624
19/11/2013	15.23	15.45	15.22	15.39	17.792
20/11/2013	15.405	15.48	15.265	15.44	17.849
21/11/2013	15.365	15.765	15.33	15.7	18.15
22/11/2013	15.61	15.815	15.48	15.785	18.248
25/11/2013	15.91	16.185	15.9	16.065	18.572
26/11/2013	16	16.095	15.805	15.875	18.352
27/11/2013	15.905	16.055	15.76	15.875	18.352
28/11/2013	15.94	16.01	15.845	15.85	18.323
29/11/2013	15.87	16.07	15.79	15.985	18.479
02/12/2013	16.03	16.055	15.915	15.96	18.451
03/12/2013	15.89	15.89	15.35	15.35	17.745
04/12/2013	15.42	15.635	15.255	15.44	17.849
05/12/2013	15.35	15.505	15.265	15.39	17.792
06/12/2013	15.405	15.415	15.17	15.36	17.757
09/12/2013	15.4	15.54	15.305	15.36	17.757
10/12/2013	15.325	15.495	15.175	15.31	17.699
11/12/2013	15.285	15.395	15.21	15.275	17.659
12/12/2013	15.135	15.235	15.03	15.12	17.479
13/12/2013	15.085	15.195	15.025	15.055	17.404
16/12/2013	15.09	15.455	15.05	15.4	17.803
17/12/2013	15.335	15.43	15.155	15.17	17.537
18/12/2013	15.18	15.26	15.095	15.205	17.578
19/12/2013	15.32	15.545	15.205	15.385	17.786
20/12/2013	15.38	15.485	15.26	15.34	17.734
23/12/2013	15.39	15.42	15.23	15.275	17.659
27/12/2013	15.305	15.4	15.255	15.385	17.786
30/12/2013	15.355	15.49	15.28	15.42	17.826
02/01/2014	15.455	15.48	15.145	15.17	17.537
03/01/2014	15.18	15.44	15.085	15.41	17.815
06/01/2014	15.21	15.395	15.05	15.255	17.636
07/01/2014	15.24	15.64	15.175	15.6	18.034
08/01/2014	15.63	16.11	15.6	15.965	18.456
09/01/2014	15.99	16.06	15.76	15.94	18.427
10/01/2014	16.6	17.35	16.545	17.35	20.057
13/01/2014	17.12	17.62	17.07	17.6	20.346
14/01/2014	17.45	17.79	17.35	17.755	20.526
15/01/2014	18	18.73	17.94	18.54	21.433
16/01/2014	18.5	18.58	18.195	18.41	21.283
17/01/2014	18.27	18.425	18.015	18.255	21.104
20/01/2014	18.2	18.295	18.07	18.18	21.017
21/01/2014	18.26	18.445	18.165	18.23	21.075
22/01/2014	18.23	18.38	18.195	18.34	21.202
23/01/2014	18.275	18.44	18.055	18.075	20.896
24/01/2014	18.08	18.135	17.415	17.45	20.173
27/01/2014	17.41	17.755	17.245	17.725	20.491
28/01/2014	17.835	17.94	17.52	17.795	20.572
29/01/2014	17.96	18.015	17.32	17.52	20.254
30/01/2014	17.5	17.605	17.37	17.555	20.294
31/01/2014	17.525	17.695	17.275	17.665	20.422
03/02/2014	17.67	17.85	17.205	17.215	19.901
04/02/2014	17.02	17.18	16.805	17.105	19.774
05/02/2014	17.125	17.335	16.99	17.21	19.896
06/02/2014	17.255	17.495	17.08	17.405	20.121
07/02/2014	17.495	17.84	17.47	17.625	20.375
10/02/2014	17.79	17.79	17.535	17.64	20.393
11/02/2014	17.82	18.02	17.67	18.015	20.826
12/02/2014	18.065	18.265	17.965	18.12	20.948
13/02/2014	17.995	18.12	17.76	18.09	20.913
14/02/2014	18.155	18.3	18.05	18.11	20.936
17/02/2014	18.1	18.33	18.045	18.305	21.161
18/02/2014	18.4	18.57	18.3	18.55	21.445
19/02/2014	18.38	18.505	18.24	18.465	21.346
20/02/2014	18.21	18.41	18.12	18.36	21.225
21/02/2014	18.42	18.5	18.19	18.375	21.242
24/02/2014	18.3	18.78	18.3	18.775	21.705
25/02/2014	18.81	19.04	18.805	19	21.965
26/02/2014	19.055	19.07	18.905	19.035	22.005
27/02/2014	18.96	19.12	18.725	18.96	21.919
28/02/2014	18.945	18.96	18.62	18.79	21.722
03/03/2014	18.45	18.45	18.065	18.065	20.884
04/03/2014	18.08	18.465	17.895	18.43	21.306
05/03/2014	18.41	18.77	18.38	18.66	21.572
06/03/2014	18.7	18.86	18.285	18.295	21.15
07/03/2014	18.25	18.575	18	18.01	20.82
10/03/2014	17.875	18.235	17.79	17.945	20.745
11/03/2014	18.1	18.325	17.93	18.25	21.098
12/03/2014	18.16	18.195	17.77	17.915	20.711
13/03/2014	18.985	19.32	18.545	18.605	21.508
14/03/2014	18.49	18.88	18.365	18.88	21.826
17/03/2014	18.935	19.115	18.82	18.965	21.924
18/03/2014	18.98	19.175	18.73	19.015	21.982
19/03/2014	19.04	19.695	18.845	19.635	22.699
20/03/2014	19.405	19.57	19.185	19.535	22.583
21/03/2014	19.575	19.795	19.255	19.32	22.335
24/03/2014	19.215	19.22	18.715	18.74	21.664
25/03/2014	18.8	19.01	18.795	18.915	21.867
26/03/2014	19.07	19.125	18.86	18.92	21.872
27/03/2014	18.89	18.945	18.65	18.73	21.653
28/03/2014	18.82	19.195	18.805	19.055	22.029
31/03/2014	19.13	19.13	18.91	19.015	21.982
01/04/2014	19.09	19.395	18.93	19.395	22.422
02/04/2014	19.4	19.745	19.34	19.665	22.734
03/04/2014	19.625	19.73	19.405	19.68	22.751
04/04/2014	19.68	20.26	19.67	20.26	23.422
07/04/2014	19.93	20.295	19.865	19.92	23.029
08/04/2014	19.99	20.025	19.235	19.485	22.526
09/04/2014	19.41	19.705	19.315	19.535	22.583
10/04/2014	19.82	20.065	19.475	19.51	22.555
11/04/2014	19.255	19.28	18.69	19.015	21.982
14/04/2014	18.88	18.95	17.94	18.49	21.375
15/04/2014	18.425	18.51	18.005	18.055	20.872
16/04/2014	18.23	18.44	18.09	18.39	21.26
17/04/2014	18.4	18.75	18.35	18.705	21.624
22/04/2014	18.835	19.325	18.615	19.29	22.3
23/04/2014	19.35	19.41	19.08	19.175	22.167
24/04/2014	19.21	19.51	18.945	19.265	22.271
25/04/2014	19.225	19.27	18.4	18.48	21.364
28/04/2014	18.55	18.66	18.19	18.29	21.144
29/04/2014	18.405	18.61	18.345	18.55	21.445
30/04/2014	18.1	18.385	18.025	18.08	21.422
02/05/2014	18.16	18.22	17.88	17.905	21.214
05/05/2014	17.855	17.9	17.42	17.63	20.888
06/05/2014	17.795	18.57	17.61	18.15	21.505
07/05/2014	18.08	18.19	17.97	18.005	21.333
08/05/2014	18.055	18.25	17.94	18.14	21.493
09/05/2014	18.155	18.245	17.655	17.695	20.965
12/05/2014	17.815	18.485	17.695	18.405	21.807
13/05/2014	18.55	18.63	18.215	18.305	21.688
14/05/2014	18.36	18.55	18.3	18.39	21.789
15/05/2014	18.355	18.45	17.835	17.89	21.196
16/05/2014	17.845	18.03	17.565	17.7	20.971
19/05/2014	17.7	18.385	17.6	18.335	21.724
20/05/2014	18.3	18.63	18.22	18.27	21.647
21/05/2014	18.22	18.435	18.07	18.24	21.611
22/05/2014	18.345	18.405	18.215	18.315	21.7
23/05/2014	18.36	18.705	18.275	18.605	22.044
26/05/2014	18.72	19.15	18.635	19.12	22.654
27/05/2014	19.135	19.41	19.135	19.35	22.926
28/05/2014	19.38	19.7	19	19.375	22.956
29/05/2014	19.355	19.395	19.3	19.355	22.932
30/05/2014	19.31	19.53	19.31	19.35	22.926
02/06/2014	19.38	19.645	19.38	19.58	23.199
03/06/2014	19.575	19.645	19.285	19.41	22.997
04/06/2014	19.4	19.775	19.4	19.69	23.329
05/06/2014	19.74	19.875	19.605	19.765	23.418
06/06/2014	19.83	19.9	19.675	19.76	23.412
09/06/2014	19.785	19.94	19.73	19.93	23.614
10/06/2014	19.885	19.93	19.685	19.91	23.59
11/06/2014	19.725	19.8	16.7	17.085	20.243
12/06/2014	17.02	17.17	16.725	16.855	19.97
13/06/2014	16.825	16.835	16.16	16.27	19.277
16/06/2014	16.3	16.38	16.03	16.13	19.111
17/06/2014	16.2	16.29	15.62	15.8	18.72
18/06/2014	15.9	15.98	15.72	15.935	18.88
19/06/2014	16.085	16.145	15.715	15.845	18.774
20/06/2014	15.81	15.83	15.64	15.78	18.697
23/06/2014	15.79	15.81	15.52	15.64	18.531
24/06/2014	15.63	16.045	15.53	15.995	18.951
25/06/2014	15.905	15.93	15.625	15.81	18.732
26/06/2014	15.85	16.27	15.735	15.985	18.939
27/06/2014	16.07	16.075	15.755	15.82	18.744
30/06/2014	15.9	15.9	15.64	15.68	18.578
01/07/2014	15.7	15.785	15.55	15.645	18.537
02/07/2014	15.52	15.535	15.17	15.28	18.104
03/07/2014	15.235	15.64	15.185	15.55	18.424
04/07/2014	15.61	15.87	15.6	15.63	18.519
07/07/2014	15.7	15.9	15.615	15.615	18.501
08/07/2014	15.54	15.55	14.97	15.02	17.796
09/07/2014	15.085	15.48	15.07	15.225	18.039
10/07/2014	15.295	15.3	14.465	14.645	17.352
11/07/2014	14.615	14.815	14.255	14.375	17.032
14/07/2014	14.48	14.545	14.16	14.445	17.115
15/07/2014	14.46	14.6	14.345	14.515	17.198
16/07/2014	14.6	15.025	14.525	14.96	17.725
17/07/2014	14.925	14.925	14.56	14.605	17.304
18/07/2014	14.48	14.625	14.325	14.445	17.115
21/07/2014	14.47	14.475	14.17	14.275	16.913
22/07/2014	14.38	14.55	14.33	14.525	17.21
23/07/2014	14.375	14.7	14.3	14.63	17.334
24/07/2014	14.63	14.755	14.46	14.575	17.269
25/07/2014	14.67	14.825	14.45	14.505	17.186
28/07/2014	14.58	14.62	14.24	14.41	17.073
29/07/2014	14.45	14.545	14.33	14.385	17.044
30/07/2014	14.42	14.42	14.23	14.325	16.973
31/07/2014	14.15	14.16	13.065	13.275	15.729
01/08/2014	13.35	13.43	12.965	13.135	15.563
04/08/2014	13.19	13.235	12.96	13.02	15.426
05/08/2014	13.12	13.2	12.72	12.825	15.195
06/08/2014	12.66	12.765	12.385	12.645	14.982
07/08/2014	12.625	12.87	12.395	12.48	14.787
08/08/2014	12.235	12.275	12.045	12.165	14.413
11/08/2014	12.35	12.745	12.22	12.69	15.035
12/08/2014	12.85	13	12.605	12.65	14.988
13/08/2014	12.755	12.87	12.655	12.72	15.071
14/08/2014	12.715	12.805	12.58	12.665	15.006
15/08/2014	12.845	13.21	12.63	12.665	15.006
18/08/2014	12.95	13.01	12.8	12.855	15.231
19/08/2014	12.985	13.24	12.935	13.125	15.551
20/08/2014	13.16	13.28	12.96	13.125	15.551
21/08/2014	13.175	13.265	13.015	13.205	15.646
22/08/2014	13.22	13.3	13.02	13.195	15.634
25/08/2014	13.14	13.24	13.03	13.225	15.669
26/08/2014	13.17	13.42	13.11	13.42	15.9
27/08/2014	13.565	13.89	13.55	13.72	16.256
28/08/2014	13.7	13.745	13.23	13.36	15.829
29/08/2014	13.32	13.34	12.98	13.175	15.61
01/09/2014	13.265	13.29	13.09	13.21	15.652
02/09/2014	13.29	13.375	13.135	13.225	15.669
03/09/2014	13.32	13.695	13.28	13.54	16.043
04/09/2014	13.47	13.68	13.365	13.6	16.114
05/09/2014	13.545	13.745	13.525	13.66	16.185
08/09/2014	13.75	13.93	13.635	13.81	16.362
09/09/2014	13.69	13.755	13.475	13.605	16.12
10/09/2014	13.55	13.635	13.445	13.575	16.084
11/09/2014	13.71	13.79	13.47	13.625	16.143
12/09/2014	13.665	13.675	13.38	13.52	16.019
15/09/2014	13.4	13.43	13.225	13.36	15.829
16/09/2014	13.465	13.49	13.125	13.265	15.717
17/09/2014	13.35	13.37	13.135	13.18	15.616
18/09/2014	13.02	13.15	12.935	13.14	15.569
19/09/2014	13.265	13.375	13.1	13.155	15.586
22/09/2014	13.1	13.215	12.855	12.9	15.284
23/09/2014	12.88	12.895	12.585	12.695	15.041
24/09/2014	12.7	12.82	12.555	12.74	15.095
25/09/2014	12.73	12.915	12.515	12.625	14.958
26/09/2014	12.615	12.725	12.525	12.655	14.994
29/09/2014	12.625	12.695	12.38	12.51	14.822
30/09/2014	12.52	12.63	12.445	12.505	14.816
01/10/2014	12.495	12.505	12.025	12.17	14.419
02/10/2014	12.14	12.145	11.775	11.835	14.022
06/10/2014	12.17	12.26	12.035	12.08	14.313
07/10/2014	12.01	12.01	11.405	11.445	13.56
08/10/2014	11.37	11.47	11.175	11.25	13.329
09/10/2014	11.39	11.41	11.025	11.08	13.128
10/10/2014	11	11.13	10.69	10.88	12.891
13/10/2014	10.78	11.315	10.735	10.995	13.027
14/10/2014	10.9	11.26	10.75	11.235	13.311
15/10/2014	11.31	11.655	11.01	11.09	13.14
16/10/2014	11.27	11.465	10.77	11.395	13.501
17/10/2014	11.495	11.73	11.385	11.665	13.821
20/10/2014	11.65	11.72	11.37	11.655	13.809
21/10/2014	11.615	12.125	11.54	12.065	14.295
22/10/2014	12.185	12.425	11.975	12.12	14.36
23/10/2014	12.085	12.415	11.965	12.345	14.627
24/10/2014	12.235	12.345	12.125	12.195	14.449
27/10/2014	12.31	12.32	11.9	12.135	14.378
28/10/2014	12.205	12.39	12.1	12.36	14.644
29/10/2014	12.4	12.495	12.28	12.335	14.615
30/10/2014	12.05	12.335	11.34	11.52	13.649
31/10/2014	11.75	11.87	11.48	11.79	13.969
03/11/2014	11.825	11.915	11.65	11.825	14.011
04/11/2014	11.835	12.23	11.815	12.065	14.295
05/11/2014	12.15	12.53	12.105	12.45	14.751
06/11/2014	12.47	12.95	12.35	12.825	15.195
07/11/2014	12.91	13.04	12.565	12.68	15.024
10/11/2014	12.655	13.05	12.56	12.985	15.385
11/11/2014	13.09	13.25	12.955	13.125	15.551
12/11/2014	13.1	13.115	12.805	12.945	15.338
13/11/2014	13.03	13.105	12.85	13.01	15.415
14/11/2014	13.07	13.195	12.945	13.155	15.586
17/11/2014	13.05	13.225	12.97	13.145	15.574
18/11/2014	13.18	13.235	13.11	13.19	15.628
19/11/2014	13.245	13.295	13.145	13.185	15.622
20/11/2014	13.25	13.26	13.075	13.235	15.681
21/11/2014	13.3	13.445	13.235	13.4	15.877
24/11/2014	13.405	13.53	13.245	13.29	15.746
25/11/2014	13.335	13.46	13.26	13.3	15.758
26/11/2014	13.36	13.39	13.205	13.295	15.752
27/11/2014	13.31	13.78	13.275	13.685	16.214
28/11/2014	14.17	14.385	14.085	14.355	17.008
01/12/2014	14.045	14.455	13.955	14.365	17.02
02/12/2014	14.35	14.375	14.1	14.19	16.813
03/12/2014	14.23	14.455	14.19	14.335	16.984
04/12/2014	14.41	14.65	14.39	14.485	17.162
05/12/2014	14.61	14.9	14.54	14.875	17.624
08/12/2014	14.9	14.9	14.615	14.62	17.322
09/12/2014	14.485	14.545	14.065	14.095	16.7
10/12/2014	14.19	14.375	14.035	14.04	16.635
11/12/2014	14	14.18	13.8	14.115	16.724
12/12/2014	14.02	14.195	13.91	13.95	16.528
15/12/2014	14	14.025	13.505	13.525	16.025
16/12/2014	13.615	14.12	13.465	14.12	16.73
17/12/2014	13.975	13.98	13.68	13.73	16.268
18/12/2014	13.995	14.075	13.835	14.02	16.611
19/12/2014	13.97	14.03	13.51	13.535	16.037
22/12/2014	13.66	13.695	13.51	13.605	16.12
23/12/2014	13.645	13.86	13.54	13.855	16.416
29/12/2014	13.9	13.98	13.625	13.77	16.315
30/12/2014	13.75	13.98	13.66	13.83	16.386
02/01/2015	13.96	14.195	13.83	14.035	16.629
05/01/2015	13.85	14.29	13.815	13.99	16.576
06/01/2015	14.05	14.26	13.805	14.03	16.623
07/01/2015	14.075	14.445	14.02	14.27	16.907
08/01/2015	14.525	14.54	14	14.13	16.742
09/01/2015	14.095	14.32	13.92	14.06	16.659
12/01/2015	14.18	14.57	14.16	14.3	16.943
13/01/2015	14.49	14.855	14.38	14.775	17.506
14/01/2015	14.605	14.85	14.525	14.58	17.275
15/01/2015	14.665	14.76	14.36	14.68	17.393
16/01/2015	14.54	14.57	14.105	14.245	16.878
19/01/2015	14.285	14.345	14.125	14.31	16.955
20/01/2015	14.5	15.19	14.5	15	17.772
21/01/2015	15.01	15.255	14.955	15.2	18.009
22/01/2015	15.15	15.25	14.81	15.16	17.962
23/01/2015	15.26	15.305	14.805	14.9	17.654
26/01/2015	14.91	15.44	14.9	15.345	18.181
27/01/2015	15.405	15.53	14.86	15.125	17.92
28/01/2015	15.215	15.27	14.92	15.02	17.796
29/01/2015	14.9	15.155	14.825	15.065	17.849
30/01/2015	15.23	15.43	14.95	15.055	17.838
02/02/2015	14.99	14.99	14.395	14.555	17.245
03/02/2015	14.6	14.64	14.115	14.205	16.83
04/02/2015	14.05	14.31	13.695	14.31	16.955
05/02/2015	14.225	14.36	14.145	14.205	16.83
06/02/2015	14.19	14.19	13.74	13.865	16.428
09/02/2015	13.7	13.725	13.355	13.46	15.948
10/02/2015	13.425	13.68	13.235	13.545	16.048
11/02/2015	13.595	13.795	13.485	13.535	16.037
12/02/2015	13.51	13.685	13.245	13.665	16.191
13/02/2015	13.72	13.725	13.395	13.47	15.96
16/02/2015	13.505	13.78	13.495	13.68	16.208
17/02/2015	13.555	13.755	13.455	13.705	16.238
18/02/2015	13.81	13.89	13.715	13.835	16.392
19/02/2015	13.805	13.91	13.68	13.885	16.451
20/02/2015	13.85	13.96	13.115	13.295	15.752
23/02/2015	13.32	13.44	13.045	13.4	15.877
24/02/2015	13.385	13.525	13.28	13.455	15.942
25/02/2015	13.48	13.535	13.205	13.245	15.693
26/02/2015	13.24	13.27	13.11	13.175	15.61
27/02/2015	13.24	13.315	12.975	13.1	15.521
02/03/2015	13.1	13.185	12.925	13	15.403
03/03/2015	13.03	13.4	13	13.11	15.533
04/03/2015	13.2	13.25	13.01	13.06	15.474
05/03/2015	13.11	13.13	12.83	12.99	15.391
06/03/2015	13.015	13.25	12.88	13.085	15.503
09/03/2015	13.08	13.33	13.055	13.195	15.634
10/03/2015	13.24	13.285	12.99	13.04	15.45
11/03/2015	13.075	13.495	13.075	13.415	15.894
12/03/2015	13.5	13.7	12.9	13.045	15.456
13/03/2015	13	13.23	12.99	13.04	15.45
16/03/2015	13.09	13.2	12.85	13.125	15.551
17/03/2015	13.05	13.42	12.965	13.36	15.829
18/03/2015	13.35	13.585	13.085	13.515	16.013
19/03/2015	13.445	13.85	13.325	13.84	16.398
20/03/2015	13.86	13.99	13.675	13.97	16.552
23/03/2015	13.92	13.925	13.575	13.78	16.327
24/03/2015	13.74	14.055	12.96	13.565	16.072
25/03/2015	13.45	13.53	13.36	13.37	15.841
26/03/2015	13.215	13.215	12.775	12.985	15.385
27/03/2015	13.155	13.28	13.035	13.05	15.462
30/03/2015	13.16	13.2	13.02	13.12	15.545
31/03/2015	13.12	13.225	13.035	13.08	15.497
01/04/2015	13.005	13.155	12.94	13.05	15.462
02/04/2015	12.97	12.975	12.62	12.715	15.065
07/04/2015	12.67	12.67	12.35	12.475	14.781
08/04/2015	12.49	12.87	12.43	12.7	15.047
09/04/2015	12.79	12.805	12.67	12.77	15.13
10/04/2015	12.84	12.995	12.765	12.955	15.349
13/04/2015	12.98	13.015	12.82	12.92	15.308
14/04/2015	12.94	12.985	12.755	12.81	15.178
15/04/2015	12.84	12.85	12.645	12.675	15.018
16/04/2015	12.7	12.715	12.38	12.475	14.781
17/04/2015	12.45	12.45	12.09	12.2	14.455
20/04/2015	12.265	12.29	12.19	12.25	14.514
21/04/2015	12.315	12.49	12.2	12.415	14.71
22/04/2015	12.5	12.54	12.295	12.37	14.656
23/04/2015	12.37	12.435	12.205	12.26	14.526
24/04/2015	12.29	12.42	12.235	12.28	14.55
27/04/2015	12.42	12.935	12.335	12.83	15.201
28/04/2015	12.87	12.87	12.445	12.56	14.881
29/04/2015	12.6	13.015	12.355	12.43	14.727
30/04/2015	12.46	12.48	12.305	12.4	14.692
04/05/2015	12.52	12.83	12.4	12.67	15.012
05/05/2015	12.77	12.845	12.275	12.39	14.68
06/05/2015	12.335	12.595	12.27	12.56	14.881
07/05/2015	12.51	12.86	12.365	12.82	15.189
08/05/2015	12.88	13.28	12.875	13.235	15.681
11/05/2015	13.545	13.745	13.505	13.68	16.208
12/05/2015	13.58	13.6	13.375	13.535	16.037
13/05/2015	13.625	13.81	13.53	13.61	16.125
14/05/2015	13.65	13.9	13.465	13.88	16.445
15/05/2015	13.88	13.89	13.685	13.785	16.333
18/05/2015	13.77	13.815	13.515	13.69	16.22
19/05/2015	13.8	13.905	13.545	13.725	16.262
20/05/2015	13.75	13.79	13.475	13.525	16.025
21/05/2015	13.45	13.47	13.22	13.405	15.883
22/05/2015	13.395	13.535	13.295	13.325	15.788
26/05/2015	13.36	13.46	13.105	13.155	15.586
27/05/2015	13.155	13.36	13.09	13.3	15.758
28/05/2015	13.26	13.3	13.06	13.175	15.61
29/05/2015	13.185	13.21	12.77	12.8	15.166
01/06/2015	12.84	12.865	12.595	12.715	15.065
02/06/2015	12.75	12.79	12.555	12.61	14.941
03/06/2015	12.6	12.78	12.55	12.625	14.958
04/06/2015	12.6	12.645	12.37	12.49	14.798
05/06/2015	12.425	12.485	12.35	12.365	14.65
08/06/2015	12.36	12.4	12.205	12.285	14.556
09/06/2015	12.275	12.445	12.205	12.325	14.603
10/06/2015	12.29	12.45	12.215	12.405	14.698
11/06/2015	12.4	12.505	12.205	12.29	14.561
12/06/2015	12.23	12.31	12.055	12.195	14.449
15/06/2015	12.055	12.085	11.78	11.915	14.117
16/06/2015	11.7	11.825	11.64	11.825	14.011
17/06/2015	11.83	11.86	11.56	11.59	13.732
18/06/2015	11.55	11.63	11.395	11.61	13.756
19/06/2015	11.66	11.755	11.49	11.62	13.768
22/06/2015	11.805	11.865	11.66	11.745	13.916
23/06/2015	11.78	11.805	11.635	11.7	13.862
24/06/2015	11.735	11.85	11.66	11.835	14.022
25/06/2015	11.765	11.94	11.725	11.78	13.957
26/06/2015	11.725	12.01	11.715	11.835	14.022
29/06/2015	11.4	11.76	11.35	11.615	13.762
30/06/2015	11.62	11.73	11.565	11.565	13.702
01/07/2015	11.66	11.85	11.615	11.675	13.833
02/07/2015	11.645	11.765	11.63	11.69	13.851
03/07/2015	11.71	11.74	11.53	11.605	13.75
06/07/2015	11.46	11.585	11.4	11.5	13.625
07/07/2015	11.59	11.65	11.335	11.335	13.43
08/07/2015	11.355	11.625	11.35	11.475	13.596
09/07/2015	11.555	11.885	11.53	11.855	14.046
10/07/2015	12.07	12.3	11.96	12.27	14.538
13/07/2015	12.35	12.4	12.275	12.335	14.615
14/07/2015	12.3	12.44	12.3	12.44	14.739
15/07/2015	12.435	12.68	12.43	12.645	14.982
16/07/2015	12.8	12.915	12.75	12.88	15.261
17/07/2015	12.89	12.9	12.715	12.82	15.189
20/07/2015	12.84	12.915	12.78	12.835	15.207
21/07/2015	12.745	12.77	12.655	12.73	15.083
22/07/2015	12.655	12.86	12.605	12.825	15.195
23/07/2015	12.965	12.965	12.68	12.745	15.101
24/07/2015	12.78	12.85	12.69	12.77	15.13
27/07/2015	12.7	12.8	12.56	12.605	14.935
28/07/2015	12.645	12.895	12.635	12.76	15.118
29/07/2015	12.795	12.82	12.56	12.66	15
30/07/2015	13.1	13.17	12.065	12.3	14.573
31/07/2015	12.31	12.47	12.2	12.35	14.633
03/08/2015	12.28	12.47	11.98	12.42	14.716
04/08/2015	12.05	12.11	11.925	11.99	14.206
05/08/2015	12.005	12.205	11.99	12.07	14.301
06/08/2015	12.075	12.25	12.06	12.185	14.437
07/08/2015	12.185	12.25	12.05	12.14	14.384
10/08/2015	12.205	12.275	12.095	12.235	14.496
11/08/2015	12.3	12.525	12.23	12.24	14.502
12/08/2015	12.165	12.38	12.07	12.155	14.402
13/08/2015	12.3	12.32	11.83	11.98	14.194
14/08/2015	12	12.04	11.755	11.85	14.04
17/08/2015	11.91	11.99	11.76	11.83	14.016
18/08/2015	11.83	11.92	11.78	11.89	14.088
19/08/2015	11.81	11.83	11.45	11.535	13.667
20/08/2015	11.475	11.715	11.45	11.5	13.625
21/08/2015	11.26	11.27	10.79	10.845	12.849
24/08/2015	10.53	10.72	10.245	10.475	12.411
25/08/2015	10.665	11.11	10.565	11.05	13.092
26/08/2015	10.945	11.115	10.815	11.015	13.051
27/08/2015	11.3	11.31	11.115	11.16	13.223
28/08/2015	11.15	11.18	10.98	11.03	13.069
31/08/2015	10.97	11.03	10.765	10.855	12.861
01/09/2015	10.72	10.76	10.53	10.655	12.624
02/09/2015	10.72	10.765	10.56	10.72	12.701
03/09/2015	10.835	11.04	10.81	10.915	12.932
04/09/2015	10.85	11.87	10.82	11.46	13.578
07/09/2015	11.47	11.65	11.375	11.47	13.59
08/09/2015	11.495	11.865	11.485	11.73	13.898
09/09/2015	11.92	11.98	11.62	11.695	13.857
10/09/2015	11.665	11.9	11.64	11.765	13.939
11/09/2015	11.8	11.84	11.685	11.77	13.945
14/09/2015	11.77	11.975	11.735	11.87	14.064
15/09/2015	11.855	11.99	11.795	11.94	14.147
16/09/2015	12.05	12.17	11.905	12.005	14.224
17/09/2015	12.065	12.075	11.805	11.87	14.064
18/09/2015	11.84	11.89	11.61	11.745	13.916
21/09/2015	11.72	11.905	11.675	11.76	13.934
22/09/2015	11.755	11.795	11.42	11.43	13.543
23/09/2015	11.45	12.075	11.43	11.88	14.076
24/09/2015	11.91	12.085	11.65	11.69	13.851
25/09/2015	11.845	11.965	11.735	11.83	14.016
28/09/2015	11.81	12.07	11.65	11.71	13.874
29/09/2015	11.6	11.82	11.52	11.695	13.857
30/09/2015	11.995	12.51	11.95	12.425	14.721
01/10/2015	12.535	12.575	12.105	12.18	14.431
02/10/2015	12.65	12.935	12.52	12.675	15.018
05/10/2015	13.085	13.38	12.99	13.335	15.8
06/10/2015	13.32	13.54	13.115	13.425	15.906
07/10/2015	13.36	13.385	12.775	13.185	15.622
08/10/2015	13.265	13.75	13.255	13.74	16.279
09/10/2015	13.74	13.91	13.22	13.445	15.93
12/10/2015	13.405	13.635	13.375	13.54	16.043
13/10/2015	13.65	13.805	13.435	13.575	16.084
14/10/2015	13.52	13.805	13.505	13.62	16.137
15/10/2015	13.615	13.66	13.455	13.53	16.031
16/10/2015	13.6	13.76	13.44	13.61	16.125
19/10/2015	13.62	13.885	13.595	13.84	16.398
20/10/2015	13.77	13.86	13.495	13.685	16.214
21/10/2015	13.71	13.91	13.58	13.835	16.392
22/10/2015	13.78	13.845	13.47	13.625	16.143
23/10/2015	13.69	13.965	13.68	13.915	16.487
26/10/2015	13.94	14.18	13.88	14.1	16.706
27/10/2015	14.09	14.165	13.985	14.11	16.718
28/10/2015	14.16	14.325	14.145	14.28	16.919
29/10/2015	14.5	14.55	12.9	13.085	15.503
30/10/2015	13.2	13.43	12.95	13.43	15.912
02/11/2015	13.27	13.605	13.215	13.52	16.019
03/11/2015	13.5	13.845	13.47	13.805	16.356
04/11/2015	13.82	14.24	13.79	14.05	16.647
05/11/2015	14	14.195	13.3	13.51	16.007
06/11/2015	13.53	14.04	13.5	13.95	16.528
09/11/2015	13.805	13.88	13.515	13.515	16.013
10/11/2015	13.52	13.545	13.205	13.385	15.859
11/11/2015	13.4	13.625	13.39	13.47	15.96
12/11/2015	13.43	13.53	13.19	13.42	15.9
13/11/2015	13.4	13.48	13.225	13.355	15.823
16/11/2015	12.85	13.135	12.76	13.05	15.462
17/11/2015	13.16	13.385	13.13	13.37	15.841
18/11/2015	13.25	13.32	13.115	13.195	15.634
19/11/2015	13.35	13.75	13.29	13.69	16.22
20/11/2015	13.73	13.89	13.625	13.735	16.274
23/11/2015	13.745	13.745	13.41	13.445	15.93
24/11/2015	13.445	13.485	12.76	12.91	15.296
25/11/2015	12.985	13.37	12.785	13.26	15.711
26/11/2015	13.31	13.52	13.285	13.39	15.865
27/11/2015	13.35	13.575	13.295	13.375	15.847
30/11/2015	13.665	13.745	13.52	13.565	16.072
01/12/2015	13.64	13.755	13.545	13.73	16.268
02/12/2015	13.73	13.9	13.685	13.725	16.262
03/12/2015	13.77	13.975	13.45	13.52	16.019
04/12/2015	13.46	13.925	13.43	13.855	16.416
07/12/2015	13.91	13.99	13.785	13.95	16.528
08/12/2015	13.92	14.065	13.61	13.7	16.232
09/12/2015	13.785	13.87	13.39	13.515	16.013
10/12/2015	13.45	13.81	13.325	13.65	16.173
11/12/2015	13.6	13.65	13.255	13.325	15.788
14/12/2015	13.44	13.48	13.08	13.115	15.539
15/12/2015	13.21	13.835	13.09	13.78	16.327
16/12/2015	13.825	13.985	13.56	13.855	16.416
17/12/2015	14.05	14.27	13.96	14.14	16.753
18/12/2015	14.035	14.2	13.905	14.105	16.712
21/12/2015	14.11	14.62	14.065	14.48	17.156
22/12/2015	14.57	14.59	14.28	14.37	17.026
23/12/2015	14.47	14.555	14.385	14.48	17.156
28/12/2015	14.425	14.64	14.425	14.57	17.263
29/12/2015	14.63	14.78	14.615	14.735	17.458
30/12/2015	14.72	14.82	14.525	14.565	17.257
04/01/2016	14.275	14.725	14.175	14.475	17.15
05/01/2016	14.67	14.995	14.625	14.925	17.683
06/01/2016	14.91	15.41	14.9	15.16	17.962
07/01/2016	14.8	15.15	14.615	15.01	17.784
08/01/2016	15.06	15.14	14.84	14.92	17.678
11/01/2016	14.85	14.995	14.64	14.655	17.364
12/01/2016	14.785	14.89	14.35	14.35	17.002
13/01/2016	14.5	14.66	14.225	14.32	16.967
14/01/2016	14.02	14.02	13.53	13.83	16.386
15/01/2016	13.8	13.99	13.51	13.61	16.125
18/01/2016	13.595	13.78	13.31	13.415	15.894
19/01/2016	13.65	13.775	13.58	13.67	16.197
20/01/2016	13.35	13.55	13.205	13.275	15.729
21/01/2016	13.4	13.885	13.345	13.855	16.416
22/01/2016	14.115	14.44	13.925	14.21	16.836
25/01/2016	14.345	14.38	14.025	14.1	16.706
26/01/2016	13.94	14.25	13.835	14.16	16.777
27/01/2016	14.185	14.27	13.94	14.165	16.783
28/01/2016	14.12	14.12	13.31	13.465	15.954
29/01/2016	13.61	13.735	13.33	13.465	15.954
01/02/2016	13.535	13.935	13.45	13.875	16.439
02/02/2016	13.86	13.945	13.725	13.78	16.327
03/02/2016	13.78	13.83	13.155	13.25	15.699
04/02/2016	13.44	13.465	12.665	12.94	15.332
05/02/2016	12.935	13.28	12.82	12.88	15.261
08/02/2016	12.95	12.975	12.23	12.24	14.502
09/02/2016	12.15	12.305	11.85	12.175	14.425
10/02/2016	12.29	12.79	12.23	12.575	14.899
11/02/2016	12.49	12.49	12.06	12.24	14.502
12/02/2016	12.39	12.53	12.275	12.395	14.686
15/02/2016	12.65	12.755	12.555	12.555	14.875
16/02/2016	12.62	12.65	12.38	12.545	14.864
17/02/2016	12.535	13.095	12.535	12.995	15.397
18/02/2016	13.14	13.695	13.085	13.5	15.995
19/02/2016	13.495	13.665	13.355	13.605	16.12
22/02/2016	13.745	13.865	13.43	13.54	16.043
23/02/2016	13.46	13.795	13.42	13.57	16.078
24/02/2016	13.58	13.655	13.075	13.275	15.729
25/02/2016	13.42	13.855	13.41	13.745	16.285
26/02/2016	13.815	13.845	13.47	13.65	16.173
29/02/2016	13.545	13.83	13.4	13.785	16.333
01/03/2016	13.78	14.14	13.715	14.12	16.73
02/03/2016	14.15	14.285	13.97	14.04	16.635
03/03/2016	14.035	14.07	13.81	13.9	16.469
04/03/2016	13.98	14.565	13.905	14.49	17.168
07/03/2016	14.375	14.645	14.325	14.55	17.239
08/03/2016	14.42	14.46	14.255	14.37	17.026
09/03/2016	14.365	14.545	14.33	14.47	17.144
10/03/2016	14.45	14.715	14.15	14.175	16.795
11/03/2016	14.35	14.98	14.27	14.98	17.749
14/03/2016	15.085	15.175	14.865	14.985	17.755
15/03/2016	14.9	15.095	14.58	15.075	17.861
16/03/2016	15.085	15.385	15.085	15.285	18.11
17/03/2016	14.475	14.86	14.175	14.59	17.287
18/03/2016	14.73	14.76	14.405	14.52	17.204
21/03/2016	14.375	14.62	14.24	14.32	16.967
22/03/2016	13.805	14.165	13.75	14.13	16.742
23/03/2016	14.17	14.385	14.065	14.315	16.961
24/03/2016	14.28	14.305	13.975	14.015	16.605
29/03/2016	14.005	14.14	13.945	14.105	16.712
30/03/2016	14.165	14.23	14.04	14.065	16.665
31/03/2016	14.075	14.385	14.05	14.205	16.83
01/04/2016	14.065	14.15	13.93	14.05	16.647
04/04/2016	14.02	14.245	13.895	13.91	16.481
05/04/2016	13.79	13.82	13.6	13.775	16.321
06/04/2016	13.805	13.845	13.59	13.69	16.22
07/04/2016	13.79	14	13.7	13.805	16.356
08/04/2016	13.815	13.95	13.78	13.85	16.41
11/04/2016	13.88	14.115	13.745	14.03	16.623
12/04/2016	14.015	14.03	13.775	13.955	16.534
13/04/2016	14.09	14.16	13.925	13.995	16.582
14/04/2016	14.08	14.235	14	14.13	16.742
15/04/2016	14.13	14.34	14.11	14.195	16.819
18/04/2016	14.08	14.325	13.925	13.935	16.511
19/04/2016	14.03	14.19	13.98	14.07	16.67
20/04/2016	14.075	14.145	13.96	14.09	16.694
21/04/2016	14.095	14.13	13.805	13.875	16.439
22/04/2016	13.745	14.035	13.68	13.94	16.516
25/04/2016	13.96	13.985	13.725	13.855	16.416
26/04/2016	13.86	13.935	13.765	13.935	16.511
27/04/2016	13.935	14.16	13.875	14.115	16.724
28/04/2016	14.085	14.365	13.945	14.365	17.02
29/04/2016	13.77	13.775	13.48	13.56	16.659
02/05/2016	13.615	13.86	13.6	13.725	16.861
03/05/2016	13.45	13.54	12.625	13.025	16.001
04/05/2016	12.89	12.915	12.66	12.695	15.596
05/05/2016	12.735	12.735	12.435	12.54	15.406
06/05/2016	12.5	12.69	12.445	12.47	15.32
09/05/2016	12.53	12.57	12.38	12.49	15.344
10/05/2016	12.525	12.845	12.48	12.67	15.565
11/05/2016	12.71	12.765	12.45	12.525	15.387
12/05/2016	12.47	12.685	12.355	12.425	15.264
13/05/2016	12.36	12.475	12.31	12.335	15.154
17/05/2016	12.395	12.4	12.205	12.295	15.105
18/05/2016	12.26	12.51	12.225	12.465	15.313
19/05/2016	12.33	12.51	12.25	12.31	15.123
20/05/2016	12.44	12.445	12.225	12.35	15.172
23/05/2016	12.37	12.58	12.35	12.45	15.295
24/05/2016	12.41	12.535	12.3	12.495	15.35
25/05/2016	12.585	12.78	12.5	12.7	15.602
26/05/2016	12.67	12.805	12.59	12.715	15.621
27/05/2016	12.67	12.68	12.46	12.66	15.553
30/05/2016	12.705	12.85	12.625	12.65	15.541
31/05/2016	12.68	12.75	12.57	12.595	15.473
01/06/2016	12.6	12.63	12.32	12.355	15.178
02/06/2016	12.375	12.56	12.28	12.46	15.307
03/06/2016	12.53	12.65	12.335	12.435	15.277
06/06/2016	12.415	12.435	12.035	12.125	14.896
07/06/2016	12.165	12.34	12.11	12.34	15.16
08/06/2016	12.275	12.29	12.12	12.175	14.957
09/06/2016	12.175	12.205	11.76	12	14.742
10/06/2016	11.57	11.625	11.315	11.33	13.919
13/06/2016	11.215	11.4	11.155	11.29	13.87
14/06/2016	11.02	11.22	10.93	10.995	13.507
15/06/2016	11.09	11.12	10.955	11.01	13.526
16/06/2016	10.91	11.035	10.8	11	13.514
17/06/2016	11.08	11.26	10.955	11.25	13.821
20/06/2016	11.44	11.69	11.4	11.65	14.312
21/06/2016	11.67	11.745	11.595	11.725	14.404
22/06/2016	11.78	11.825	11.65	11.71	14.386
23/06/2016	11.76	12.085	11.745	12.06	14.816
24/06/2016	10.9	11.1	10.5	10.955	13.458
27/06/2016	10.925	10.97	9.897	10.05	12.347
28/06/2016	10.29	10.575	10.225	10.4	12.777
29/06/2016	10.56	10.575	10.25	10.435	12.82
30/06/2016	10.4	10.605	10.3	10.53	12.936
01/07/2016	10.65	10.935	10.56	10.905	13.397
04/07/2016	11	11.37	10.865	11.04	13.563
05/07/2016	11.05	11.105	10.81	10.86	13.342
06/07/2016	10.765	10.815	10.255	10.395	12.77
07/07/2016	10.45	10.63	10.35	10.505	12.906
08/07/2016	10.485	10.87	10.435	10.845	13.323
11/07/2016	10.99	11.145	10.735	11.115	13.655
12/07/2016	11.1	11.44	11.09	11.395	13.999
13/07/2016	11.375	11.475	11.225	11.245	13.815
14/07/2016	11.38	11.555	11.265	11.495	14.122
15/07/2016	11.46	11.515	11.31	11.4	14.005
18/07/2016	11.375	11.585	11.31	11.415	14.023
19/07/2016	11.38	11.44	11.045	11.105	13.643
20/07/2016	11.17	11.18	10.865	11.095	13.63
21/07/2016	10.5	10.52	10.115	10.435	12.82
22/07/2016	10.38	10.4	10.235	10.31	12.666
25/07/2016	10.25	10.31	10.18	10.28	12.629
26/07/2016	10.255	10.305	10.2	10.275	12.623
27/07/2016	10.36	10.58	10.35	10.49	12.887
28/07/2016	10.5	10.635	10.435	10.49	12.887
29/07/2016	10.49	10.78	10.48	10.63	13.059
01/08/2016	10.82	10.84	10.46	10.73	13.182
02/08/2016	10.75	10.79	10.175	10.39	12.764
03/08/2016	10.325	10.405	10.195	10.285	12.635
04/08/2016	10.38	10.51	10.285	10.31	12.666
05/08/2016	10.37	10.51	10.33	10.48	12.875
08/08/2016	10.56	10.66	10.515	10.56	12.973
09/08/2016	10.57	11.11	10.57	11.035	13.557
10/08/2016	10.98	11.02	10.835	10.855	13.335
11/08/2016	10.93	10.96	10.77	10.81	13.28
12/08/2016	10.79	11.05	10.75	11.03	13.55
15/08/2016	10.95	11	10.72	10.775	13.237
16/08/2016	10.65	10.685	10.46	10.465	12.856
17/08/2016	10.515	10.545	10.305	10.305	12.66
18/08/2016	10.345	10.505	10.31	10.505	12.906
19/08/2016	10.505	10.54	10.335	10.4	12.777
22/08/2016	10.4	10.565	10.365	10.43	12.813
23/08/2016	10.475	10.58	10.4	10.48	12.875
24/08/2016	10.46	10.74	10.4	10.715	13.163
25/08/2016	10.725	10.76	10.415	10.415	12.795
26/08/2016	10.425	10.47	10.365	10.385	12.758
29/08/2016	10.35	10.425	10.29	10.42	12.801
30/08/2016	10.475	10.57	10.445	10.515	12.918
31/08/2016	10.505	10.655	10.445	10.445	12.832
01/09/2016	10.495	10.72	10.47	10.615	13.041
02/09/2016	10.65	10.76	10.525	10.72	13.17
05/09/2016	10.795	10.855	10.67	10.8	13.268
06/09/2016	10.785	10.91	10.765	10.79	13.256
07/09/2016	10.42	10.6	10.325	10.59	13.01
08/09/2016	10.565	10.99	10.53	10.97	13.477
09/09/2016	10.915	11.24	10.885	11.13	13.673
12/09/2016	10.98	11	10.73	10.955	13.458
13/09/2016	11	11.115	10.96	10.97	13.477
14/09/2016	11	11.045	10.685	10.745	13.2
15/09/2016	10.63	10.775	10.54	10.675	13.114
16/09/2016	10.6	10.6	10.39	10.46	12.85
19/09/2016	10.56	10.605	10.46	10.465	12.856
20/09/2016	10.475	10.525	10.265	10.33	12.691
21/09/2016	10.41	10.465	10.225	10.32	12.678
22/09/2016	10.39	10.535	10.37	10.46	12.85
23/09/2016	10.405	10.505	10.36	10.485	12.881
26/09/2016	10.41	10.41	10.215	10.285	12.635
27/09/2016	10.33	10.335	9.815	9.966	12.243
28/09/2016	10	10.13	9.963	10.05	12.347
29/09/2016	10.1	10.1	9.716	9.778	12.012
30/09/2016	9.605	9.934	9.484	9.905	12.168
04/10/2016	9.836	9.885	9.573	9.7	11.917
05/10/2016	9.64	9.778	9.624	9.639	11.842
06/10/2016	9.58	9.583	9.41	9.502	11.673
07/10/2016	9.502	9.504	9.274	9.3	11.425
10/10/2016	9.344	9.361	9.103	9.35	11.487
11/10/2016	9.379	9.864	9.336	9.814	12.057
12/10/2016	9.904	10.29	9.89	10.235	12.574
13/10/2016	10.025	10.07	9.86	9.936	12.206
14/10/2016	9.9	10.255	9.848	10.235	12.574
17/10/2016	10.15	10.315	10.07	10.075	12.377
18/10/2016	10.07	10.445	10.065	10.395	12.77
19/10/2016	10.4	10.5	10.345	10.46	12.85
20/10/2016	11.51	11.545	11.05	11.285	13.864
21/10/2016	11.235	11.4	11.16	11.29	13.87
24/10/2016	11.305	11.495	11.305	11.405	14.011
25/10/2016	11.5	11.5	11.415	11.475	14.097
26/10/2016	11.465	11.83	11.46	11.675	14.343
27/10/2016	11.59	11.645	11.29	11.5	14.128
28/10/2016	11.445	11.785	11.335	11.705	14.38
31/10/2016	11.635	11.74	11.565	11.645	14.306
01/11/2016	11.715	11.84	11.33	11.465	14.085
02/11/2016	11.33	11.74	11.025	11.185	13.741
03/11/2016	11.255	11.9	11.24	11.87	14.582
04/11/2016	11.8	11.835	11.54	11.685	14.355
07/11/2016	11.85	12.275	11.825	12.18	14.963
08/11/2016	12.14	12.38	12.135	12.23	15.025
09/11/2016	11.73	12.38	11.655	12.315	15.129
10/11/2016	12.33	12.725	12.33	12.46	15.307
11/11/2016	12.47	12.815	12.45	12.755	15.67
14/11/2016	12.85	12.96	12.665	12.79	15.713
15/11/2016	12.84	13.195	12.795	13.195	16.21
16/11/2016	13.025	13.06	12.555	12.645	15.535
17/11/2016	12.54	12.755	12.445	12.74	15.651
18/11/2016	12.83	12.955	12.695	12.88	15.823
21/11/2016	12.895	13.01	12.705	12.88	15.823
22/11/2016	12.82	12.965	12.73	12.735	15.645
23/11/2016	12.7	12.935	12.665	12.79	15.713
24/11/2016	12.77	12.94	12.575	12.645	15.535
25/11/2016	12.54	12.65	12.505	12.62	15.504
28/11/2016	12.48	12.48	12.235	12.345	15.166
29/11/2016	12.055	12.57	12.03	12.425	15.264
30/11/2016	12.3	12.355	12.01	12.225	15.019
01/12/2016	12.165	12.375	12.155	12.295	15.105
02/12/2016	12.19	12.285	12.055	12.135	14.908
05/12/2016	12.135	12.38	12.08	12.225	15.019
06/12/2016	12.2	12.355	12.105	12.325	15.141
07/12/2016	12.45	12.635	12.43	12.53	15.393
08/12/2016	12.57	12.925	12.37	12.89	15.836
09/12/2016	12.9	13	12.71	12.73	15.639
12/12/2016	12.58	12.605	12.325	12.495	15.35
13/12/2016	12.5	12.7	12.49	12.59	15.467
14/12/2016	12.6	12.9	12.58	12.62	15.504
15/12/2016	12.69	13	12.585	12.69	15.59
16/12/2016	12.65	12.955	12.58	12.925	15.879
19/12/2016	12.935	12.99	12.705	12.83	15.762
20/12/2016	12.795	12.89	12.745	12.775	15.694
21/12/2016	12.76	12.86	12.68	12.68	15.578
22/12/2016	12.675	12.775	12.625	12.69	15.59
23/12/2016	12.7	12.92	12.695	12.88	15.823
27/12/2016	12.915	12.96	12.86	12.875	15.817
28/12/2016	12.86	12.865	12.52	12.555	15.424
29/12/2016	12.53	12.675	12.425	12.425	15.264
30/12/2016	12.415	12.44	12.27	12.27	15.074
02/01/2017	12.245	12.645	12.225	12.575	15.449
03/01/2017	12.685	12.79	12.45	12.485	15.338
04/01/2017	12.55	12.83	12.48	12.76	15.676
05/01/2017	12.71	12.9	12.555	12.795	15.719
06/01/2017	12.62	12.76	12.335	12.395	15.227
09/01/2017	12.18	12.19	11.635	11.68	14.349
10/01/2017	11.7	11.76	11.32	11.66	14.324
11/01/2017	11.64	11.8	11.53	11.6	14.251
12/01/2017	11.6	11.8	11.445	11.48	14.103
13/01/2017	11.51	11.54	11.415	11.475	14.097
16/01/2017	11.435	11.435	11.21	11.32	13.907
17/01/2017	11.31	12.15	11.3	11.805	14.503
18/01/2017	11.8	11.855	11.5	11.705	14.38
19/01/2017	11.735	11.81	11.605	11.79	14.484
20/01/2017	11.755	12.465	11.74	12.11	14.877
23/01/2017	12.04	12.27	11.91	12.23	15.025
24/01/2017	12.225	12.25	12.015	12.225	15.019
25/01/2017	12.28	12.64	12.28	12.585	15.461
26/01/2017	12.615	12.72	12.525	12.55	15.418
27/01/2017	12.7	12.975	12.66	12.755	15.67
30/01/2017	12.82	12.865	12.57	12.625	15.51
31/01/2017	12.59	12.66	12.335	12.335	15.154
01/02/2017	12.37	12.58	12.335	12.54	15.406
02/02/2017	12.48	12.565	12.295	12.335	15.154
03/02/2017	12.35	12.42	12.215	12.24	15.037
06/02/2017	12.18	12.28	12.055	12.11	14.877
07/02/2017	12.15	12.165	12.045	12.055	14.81
08/02/2017	12.28	12.59	12.28	12.45	15.295
09/02/2017	12.51	12.77	12.355	12.715	15.621
10/02/2017	12.775	12.815	12.58	12.605	15.485
13/02/2017	12.64	12.88	12.64	12.81	15.737
14/02/2017	12.79	12.925	12.77	12.845	15.78
15/02/2017	12.875	13.13	12.85	13.06	16.044
16/02/2017	13.1	13.55	13.1	13.345	16.394
17/02/2017	13.31	13.505	13.19	13.5	16.585
20/02/2017	13.55	13.635	13.425	13.46	16.536
21/02/2017	13.42	13.735	13.42	13.665	16.788
22/02/2017	13.695	13.83	13.64	13.79	16.941
23/02/2017	13.795	13.8	13.62	13.7	16.831
24/02/2017	13.69	13.935	13.545	13.71	16.843
27/02/2017	13.74	13.92	13.715	13.8	16.953
28/02/2017	13.845	13.955	13.77	13.83	16.99
01/03/2017	13.875	14.11	13.83	14.06	17.273
02/03/2017	14.03	14.135	13.865	13.93	17.113
03/03/2017	13.85	14.01	13.7	13.895	17.07
06/03/2017	13.805	13.99	13.8	13.885	17.058
07/03/2017	13.9	13.95	13.645	13.725	16.861
08/03/2017	13.695	14.185	13.655	14.12	17.347
09/03/2017	14.05	14.705	14.04	14.49	17.801
10/03/2017	14.49	14.52	14.31	14.34	17.617
13/03/2017	14.35	14.54	14.315	14.315	17.586
14/03/2017	14.3	14.335	14.13	14.155	17.39
15/03/2017	14.185	14.515	14.155	14.415	17.709
16/03/2017	14.88	15.29	14.785	15.17	18.637
17/03/2017	15.17	15.6	15.165	15.29	18.784
20/03/2017	15.265	15.31	15.005	15.05	18.489
21/03/2017	15.03	15.03	14.55	14.6	17.936
22/03/2017	14.54	14.58	14.23	14.58	17.912
23/03/2017	14.635	15.13	14.63	15.095	18.544
24/03/2017	15.06	15.12	14.94	15.055	18.495
27/03/2017	14.895	14.95	14.56	14.87	18.268
28/03/2017	14.955	15.05	14.77	14.96	18.379
29/03/2017	14.985	15.015	14.85	14.935	18.348
30/03/2017	14.925	15.075	14.925	15.065	18.508
31/03/2017	15	15.25	14.995	15.2	18.673
03/04/2017	15.24	15.265	15.115	15.2	18.673
04/04/2017	15.135	15.48	15.125	15.36	18.87
05/04/2017	15.3	15.355	15.165	15.29	18.784
06/04/2017	15.17	15.315	14.92	15.23	18.71
07/04/2017	15.12	15.17	14.88	14.9	18.305
10/04/2017	14.92	15.425	14.57	15.265	18.753
11/04/2017	15.4	16.03	15.23	15.83	19.447
12/04/2017	15.88	15.975	15.645	15.68	19.263
13/04/2017	15.33	15.405	15.07	15.2	18.673
18/04/2017	15.215	15.31	14.995	15.15	18.612
19/04/2017	15.2	15.84	15.18	15.79	19.398
20/04/2017	15.75	16.005	15.675	15.9	19.533
21/04/2017	15.88	16.15	15.86	16.1	19.779
24/04/2017	16.37	16.71	16.355	16.69	20.504
25/04/2017	16.67	16.685	16.56	16.64	20.442
26/04/2017	16.65	16.885	16.61	16.81	20.651
27/04/2017	16.49	16.625	15.81	15.81	19.423
28/04/2017	15.82	16.025	15.76	15.84	19.46
02/05/2017	15.98	16.26	15.825	16.23	19.939
03/05/2017	16.21	16.215	15.955	16.05	19.718
04/05/2017	16.12	16.26	15.92	16.26	19.976
05/05/2017	16.32	16.54	16.29	16.315	20.043
08/05/2017	16.295	16.485	16.035	16.48	20.86
09/05/2017	16.5	16.72	16.42	16.65	21.075
10/05/2017	16.61	17.17	16.415	17.17	21.734
11/05/2017	17.145	17.29	16.79	16.79	21.253
12/05/2017	16.87	17.005	16.745	16.805	21.271
15/05/2017	16.915	16.965	16.65	16.965	21.474
16/05/2017	16.9	17.13	16.755	16.83	21.303
17/05/2017	16.78	17	16.505	16.545	20.942
18/05/2017	16.475	16.49	16.095	16.25	20.569
19/05/2017	16.25	16.41	16.225	16.295	20.626
22/05/2017	16.36	16.415	16.25	16.3	20.632
23/05/2017	16.24	16.425	16.155	16.4	20.759
24/05/2017	16.38	16.805	16.315	16.65	21.075
